Date,SPY_close,SPY_200ma,SPY_market_regime,XLK_close,XLK_50ma,XLK_sector_regime,XLF_close,XLF_50ma,XLF_sector_regime,XLV_close,XLV_50ma,XLV_sector_regime,XLE_close,XLE_50ma,XLE_sector_regime,XLY_close,XLY_50ma,XLY_sector_regime,XLP_close,XLP_50ma,XLP_sector_regime,XLI_close,XLI_50ma,XLI_sector_regime,XLU_close,XLU_50ma,XLU_sector_regime,XLRE_close,XLRE_50ma,XLRE_sector_regime,XLB_close,XLB_50ma,XLB_sector_regime,XLC_close,XLC_50ma,XLC_sector_regime
2024-09-16 04:00:00,562.84,516.48905,True,219.6,217.95699999999997,True,45.09,43.4808,True,157.24,151.6094,True,86.57,89.56779999999999,False,192.15,184.75420000000003,True,84.26,80.0416,True,131.24,126.2458,True,79.14,73.57600000000001,True,45.36,41.9412,True,93.55,90.715,True,87.78,85.649,True
2024-09-17 04:00:00,563.07,517.03135,True,219.17,217.65099999999998,True,45.33,43.5588,True,155.62,151.8368,True,87.74,89.53160000000001,False,193.13,184.829,True,83.46,80.1656,True,131.96,126.4576,True,79.08,73.7852,True,45.0,42.0734,True,93.73,90.8264,True,87.78,85.6652,True
2024-09-18 04:00:00,561.4,517.5563500000001,True,217.17,217.30879999999996,False,45.19,43.6276,True,155.36,152.045,True,87.91,89.51460000000002,False,192.75,184.8836,True,83.14,80.2872,True,131.85,126.67779999999999,True,78.48,73.97840000000001,True,44.87,42.202799999999996,True,93.33,90.9478,True,87.71,85.67460000000001,True
2024-09-19 04:00:00,570.98,518.1157499999999,True,223.62,217.0276,True,45.69,43.70320000000001,True,155.92,152.237,True,88.96,89.50659999999999,False,197.14,184.99739999999997,True,82.65,80.39219999999999,True,134.12,126.9218,True,78.02,74.1494,True,44.76,42.324600000000004,True,94.74,91.074,True,88.9,85.6968,True
2024-09-20 04:00:00,568.25,518.67355,True,222.53,216.84359999999998,True,45.66,43.7716,True,155.28,152.3956,True,88.76,89.47599999999998,False,196.69,185.15079999999998,True,83.05,80.51100000000001,True,133.18,127.116,True,80.08,74.3362,True,44.68,42.4242,True,94.07,91.16259999999998,True,88.9,85.743,True
2024-09-23 04:00:00,569.67,519.2389000000001,True,222.09,216.6094,True,45.44,43.8328,True,154.4,152.5182,True,89.12,89.44800000000001,False,198.67,185.2944,True,83.09,80.6238,True,133.64,127.3052,True,80.33,74.5176,True,44.86,42.52160000000001,True,94.47,91.24199999999999,True,88.83,85.7934,True
2024-09-24 04:00:00,571.3,519.8216,True,223.61,216.3972,True,45.06,43.873999999999995,True,154.09,152.645,True,88.9,89.3882,False,200.41,185.4772,True,82.89,80.7416,True,134.6,127.4958,True,79.76,74.7222,True,44.86,42.61559999999999,True,95.76,91.3518,True,89.25,85.846,True
2024-09-25 04:00:00,570.04,520.3806500000001,True,224.25,216.2134,True,44.79,43.9,True,152.59,152.6996,False,87.16,89.2854,False,199.69,185.577,True,82.68,80.8404,True,133.97,127.61139999999999,True,80.18,74.92439999999999,True,44.67,42.6982,True,95.12,91.4138,True,88.97,85.8884,True
2024-09-26 04:00:00,572.3,520.9411500000001,True,227.22,216.27059999999997,True,45.02,43.924,True,153.1,152.7508,True,85.45,89.13,False,200.54,185.75879999999998,True,82.87,80.923,True,134.64,127.77320000000002,True,79.63,75.1148,True,44.23,42.764799999999994,True,97.09,91.51899999999999,True,89.47,85.96700000000001,True
2024-09-27 04:00:00,571.47,521.4885499999999,True,225.1,216.285,True,45.15,43.9612,True,153.02,152.8688,True,87.19,89.006,False,200.84,185.98559999999998,True,83.02,81.0164,True,134.83,127.9586,True,80.42,75.32220000000001,True,44.29,42.8394,True,96.92,91.639,True,90.01,86.0574,True
2024-09-30 04:00:00,573.76,522.0368500000001,True,225.76,216.38279999999997,True,45.32,44.010600000000004,True,154.02,152.9918,True,87.8,88.91460000000001,False,200.37,186.23680000000002,True,83.0,81.1146,True,135.44,128.17,True,80.78,75.53519999999999,True,44.67,42.9226,True,96.38,91.76440000000001,True,90.4,86.1632,True
2024-10-01 04:00:00,568.62,522.52745,True,220.26,216.266,True,45.08,44.050399999999996,True,153.21,153.0816,True,89.8,88.8748,True,199.56,186.43040000000002,True,82.72,81.2062,True,135.51,128.35739999999998,True,81.43,75.74940000000001,True,44.4,42.992399999999996,True,96.14,91.87899999999999,True,90.47,86.2632,True
2024-10-02 04:00:00,568.86,523.0117,True,221.89,216.19979999999998,True,45.13,44.08959999999999,True,152.9,153.167,False,90.72,88.8826,True,197.87,186.6072,True,82.02,81.2894,True,135.26,128.5446,True,81.47,75.97319999999999,True,44.24,43.0604,True,95.77,91.979,True,90.19,86.36,True
2024-10-03 04:00:00,567.82,523.50415,True,222.81,216.3384,True,44.89,44.135799999999996,True,151.52,153.2,False,92.32,88.92219999999999,True,195.58,186.89280000000002,True,81.2,81.3576,False,134.57,128.7722,True,81.44,76.1806,True,43.81,43.13099999999999,True,94.71,92.081,True,89.88,86.49520000000001,True
2024-10-04 04:00:00,572.98,524.0092,True,225.29,216.5728,True,45.65,44.194,True,151.64,153.2504,False,93.18,88.9478,True,198.17,187.2444,True,81.47,81.433,True,135.51,128.99880000000002,True,81.31,76.3972,True,43.52,43.200199999999995,True,95.17,92.18720000000002,True,90.88,86.66959999999999,True
2024-10-07 04:00:00,567.8,524.474,True,223.74,216.722,True,45.09,44.2276,True,150.97,153.2706,False,93.51,88.9742,True,195.09,187.49400000000003,True,80.66,81.4764,False,135.18,129.1764,True,79.44,76.5626,True,43.2,43.2496,False,94.89,92.2584,True,89.66,86.7888,True
2024-10-08 04:00:00,573.17,524.99855,True,227.92,216.974,True,45.35,44.267599999999995,True,151.79,153.3054,False,91.07,88.9676,True,196.99,187.72060000000002,True,81.06,81.5272,False,135.48,129.36440000000002,True,79.48,76.7224,True,43.33,43.296400000000006,True,94.45,92.31759999999998,True,90.45,86.90899999999999,True
2024-10-09 04:00:00,577.14,525.52075,True,230.47,217.38519999999997,True,45.77,44.306,True,153.34,153.36860000000001,False,91.62,88.94359999999999,True,198.4,187.99599999999998,True,81.55,81.5984,False,136.69,129.5692,True,78.8,76.86120000000001,True,43.35,43.3376,True,95.05,92.39479999999999,True,90.48,87.02300000000001,True
2024-10-10 04:00:00,576.13,526.03315,True,230.41,217.6174,True,45.63,44.3438,True,152.77,153.43140000000002,False,92.24,88.9242,True,197.42,188.19459999999998,True,81.19,81.6652,False,135.99,129.7318,True,78.56,76.9766,True,42.99,43.3736,False,95.27,92.45739999999999,True,89.81,87.10339999999998,True
2024-10-11 04:00:00,579.58,526.5527999999999,True,230.81,218.0208,True,46.51,44.4116,True,153.89,153.486,True,92.81,88.9656,True,196.58,188.4684,True,81.64,81.7266,False,138.42,129.9904,True,79.25,77.0796,True,43.43,43.40559999999999,True,95.89,92.5398,True,90.43,87.1892,True
2024-10-14 04:00:00,584.32,527.09185,True,233.82,218.6028,True,46.8,44.50639999999999,True,154.74,153.5636,True,92.77,89.05300000000001,True,197.44,188.894,True,81.97,81.7808,True,139.25,130.3208,True,80.25,77.20020000000001,True,43.73,43.443000000000005,True,96.44,92.6678,True,90.85,87.3114,True
2024-10-15 04:00:00,579.78,527.6073,True,228.68,219.2184,True,46.9,44.6276,True,152.85,153.684,False,89.78,89.1196,True,197.87,189.4278,True,82.49,81.8766,True,138.18,130.6724,True,80.61,77.3672,True,44.28,43.515600000000006,True,96.34,92.834,True,91.05,87.48620000000001,True
2024-10-16 04:00:00,582.3,528.14225,True,229.39,219.7944,True,47.48,44.7472,True,153.28,153.7994,False,90.21,89.1842,True,198.91,189.94459999999998,True,82.43,81.9604,True,139.25,131.0164,True,82.21,77.554,True,44.72,43.57899999999999,True,97.09,93.0062,True,90.99,87.64040000000001,True
2024-10-17 04:00:00,582.35,528.69075,True,230.09,220.4494,True,47.61,44.8684,True,152.39,153.92700000000002,False,90.64,89.25039999999998,True,198.73,190.51820000000004,True,82.06,82.0352,True,138.85,131.3642,True,81.48,77.718,True,44.43,43.642599999999995,True,97.24,93.20540000000001,True,90.56,87.7948,True
2024-10-18 04:00:00,584.59,529.26975,True,230.91,220.9734,True,47.62,44.976400000000005,True,153.13,154.0048,False,90.34,89.273,True,199.51,191.0332,True,82.24,82.0994,True,139.27,131.6644,True,81.95,77.88980000000001,True,44.74,43.7054,True,97.63,93.3854,True,91.23,87.92960000000001,True
2024-10-21 04:00:00,583.63,529.8515,True,231.99,221.50059999999996,True,47.24,45.07320000000001,True,151.33,154.0318,False,90.07,89.28620000000001,True,197.96,191.50560000000002,True,81.55,82.1474,False,138.78,131.9544,True,81.63,78.05019999999999,True,43.82,43.7456,True,96.88,93.5518,True,90.87,88.0428,True
2024-10-22 04:00:00,583.32,530.4285,True,231.75,221.9894,True,47.15,45.172599999999996,True,151.11,154.0658,False,90.28,89.2948,True,197.16,191.97580000000002,True,82.01,82.21260000000001,False,137.1,132.2234,True,81.34,78.2022,True,43.89,43.7922,True,95.99,93.70819999999999,True,91.0,88.17040000000001,True
2024-10-23 04:00:00,577.99,530.94545,True,228.43,222.28439999999998,True,47.11,45.2642,True,150.4,154.0494,False,89.81,89.31139999999999,True,194.06,192.297,True,81.85,82.2674,False,136.7,132.4584,True,82.12,78.3612,True,44.32,43.8416,True,95.73,93.8418,True,90.31,88.2622,True
2024-10-24 04:00:00,579.24,531.47225,True,229.1,222.56939999999997,True,47.15,45.346199999999996,True,149.41,154.0024,False,89.8,89.31739999999999,True,200.18,192.75959999999998,True,81.74,82.31279999999998,False,135.76,132.6644,True,81.59,78.51060000000001,True,44.42,43.89,True,94.56,93.95200000000001,True,90.62,88.37,True
2024-10-25 04:00:00,579.04,531.98465,True,230.29,222.75459999999998,True,46.63,45.409800000000004,True,148.59,153.92,False,89.77,89.3014,True,200.81,193.1218,True,81.06,82.3282,False,135.4,132.8294,True,80.38,78.63600000000001,True,44.07,43.9338,True,93.96,94.022,False,90.85,88.46699999999998,True
2024-10-28 04:00:00,580.83,532.5070499999999,True,230.22,222.931,True,47.21,45.47860000000001,True,148.81,153.8388,False,89.2,89.27600000000001,False,201.28,193.4848,True,81.21,82.34219999999999,False,135.8,133.00599999999997,True,81.01,78.7674,True,44.21,43.9808,True,94.74,94.10539999999999,True,91.43,88.5704,True
2024-10-29 04:00:00,581.77,533.0325,True,233.32,223.0964,True,46.92,45.53679999999999,True,148.4,153.7308,False,87.84,89.2112,False,200.23,193.7818,True,80.41,82.3348,False,135.62,133.16359999999997,True,79.28,78.8544,True,43.81,44.01480000000001,False,94.13,94.16799999999999,False,92.29,88.67139999999999,True
2024-10-30 04:00:00,580.01,533.5579,True,229.61,223.2034,True,47.13,45.602,True,148.12,153.60479999999998,False,88.04,89.1984,False,199.95,194.07659999999998,True,80.28,82.3168,False,135.39,133.3236,True,79.09,78.94080000000001,True,43.97,44.0512,False,94.64,94.24740000000001,True,92.85,88.78480000000002,True
2024-10-31 04:00:00,568.64,534.03965,True,222.24,223.1366,False,46.48,45.65559999999999,True,146.87,153.4486,False,88.59,89.1936,False,196.89,194.2634,True,80.12,82.28460000000001,False,133.83,133.43699999999998,True,79.91,79.033,True,43.2,44.0694,False,93.39,94.281,False,92.04,88.87460000000002,True
2024-11-01 04:00:00,571.04,534.5124,True,223.91,223.207,True,46.64,45.7074,True,147.74,153.3078,False,88.03,89.17299999999999,False,200.09,194.579,True,80.15,82.2554,False,134.01,133.5572,True,78.13,79.09140000000001,False,42.74,44.0732,False,93.13,94.3132,False,92.4,88.98479999999999,True
2024-11-04 05:00:00,569.81,534.9493,True,223.74,223.2026,True,46.28,45.7444,True,146.77,153.1342,False,89.57,89.1566,True,199.4,194.8096,True,80.37,82.226,False,133.86,133.6488,True,77.2,79.127,False,43.22,44.07020000000001,False,93.54,94.3294,False,92.09,89.0766,True
2024-11-05 05:00:00,576.7,535.41555,True,226.89,223.3174,True,46.71,45.787200000000006,True,147.85,152.9838,False,90.17,89.13600000000001,True,202.93,195.14,True,80.88,82.1952,False,136.1,133.788,True,78.36,79.176,False,43.81,44.0796,False,93.68,94.34020000000001,False,93.11,89.1848,True
2024-11-06 05:00:00,591.04,535.94645,True,233.35,223.53459999999998,True,49.55,45.88219999999999,True,148.04,152.8324,False,93.56,89.20020000000001,True,209.42,195.61,True,79.56,82.134,False,141.43,134.03220000000002,True,77.55,79.2208,False,42.64,44.0634,False,94.97,94.37660000000001,True,95.4,89.34280000000001,True
2024-11-07 05:00:00,595.61,536.49755,True,237.42,223.8946,True,48.75,45.958999999999996,True,149.11,152.6988,False,93.13,89.2674,True,212.11,196.1698,True,79.85,82.0856,False,140.58,134.2606,True,77.69,79.2684,False,43.17,44.0608,False,95.34,94.4284,True,96.65,89.53739999999999,True
2024-11-08 05:00:00,598.19,537.04835,True,237.16,224.289,True,49.19,46.0366,True,150.18,152.58,False,93.75,89.3236,True,215.12,196.78539999999998,True,80.82,82.06479999999999,False,142.09,134.50099999999998,True,79.18,79.33760000000001,False,43.91,44.07639999999999,False,94.47,94.4526,True,96.18,89.7262,True
2024-11-11 05:00:00,598.76,537.6051,True,235.85,224.59939999999997,True,49.89,46.1196,True,149.3,152.422,False,94.28,89.3836,True,219.46,197.43220000000002,True,80.54,82.02539999999999,False,143.19,134.7356,True,79.4,79.3998,True,43.53,44.076,False,94.06,94.44820000000001,False,96.72,89.9142,True
2024-11-12 05:00:00,596.9,538.13325,True,236.15,225.1182,True,49.74,46.2064,True,147.22,152.2284,False,93.78,89.479,True,216.53,198.07179999999997,True,80.63,81.97619999999999,False,141.96,135.0038,True,78.49,79.446,False,42.98,44.0626,False,92.46,94.45460000000001,False,97.16,90.14300000000001,True
2024-11-13 05:00:00,597.19,538.66475,True,235.33,225.63139999999999,True,49.77,46.2928,True,146.83,152.0324,False,94.51,89.6136,True,218.38,198.7388,True,80.87,81.92399999999999,False,142.26,135.27540000000002,True,78.35,79.4764,False,43.32,44.053999999999995,False,92.68,94.473,False,97.2,90.3808,True
2024-11-14 05:00:00,593.35,539.2171,True,234.53,226.135,True,49.64,46.3866,True,144.52,151.8332,False,94.87,89.76899999999999,True,215.28,199.30180000000001,True,80.67,81.8742,False,139.86,135.529,True,78.08,79.5052,False,42.93,44.04,False,91.92,94.4906,False,97.09,90.61140000000002,True
2024-11-15 05:00:00,585.75,539.69985,True,228.71,226.6308,True,49.87,46.498200000000004,True,141.84,151.591,False,94.73,89.9434,True,213.44,199.9226,True,79.96,81.81360000000001,False,139.11,135.7934,True,79.25,79.572,False,42.98,44.027,False,91.28,94.51839999999999,False,95.15,90.839,True
2024-11-18 05:00:00,588.15,540.16885,True,229.45,227.0746,True,50.02,46.5996,True,141.94,151.32920000000001,False,95.99,90.1306,True,215.41,200.5296,True,80.52,81.7514,False,138.92,136.0154,True,79.94,79.6372,True,43.36,44.01120000000001,False,91.99,94.543,False,96.09,91.0782,True
2024-11-19 05:00:00,590.3,540.6576,True,231.33,227.49400000000003,True,49.69,46.70360000000001,True,141.21,151.0386,False,95.38,90.3354,True,215.57,201.0974,True,80.63,81.6918,False,138.8,136.23059999999998,True,80.45,79.7054,True,43.54,43.9834,False,91.69,94.5608,False,96.72,91.33040000000001,True
2024-11-20 05:00:00,590.5,541.1401999999999,True,231.13,227.76579999999998,True,49.54,46.8088,True,142.88,150.7906,False,96.34,90.57520000000001,True,214.62,201.6088,True,80.22,81.6396,False,138.95,136.4442,True,80.49,79.7696,True,43.47,43.9566,False,92.44,94.5892,False,97.34,91.588,True
2024-11-21 05:00:00,593.67,541.61805,True,233.48,228.0486,True,50.17,46.9246,True,144.03,150.55440000000002,False,97.12,90.81540000000001,True,215.0,202.08520000000001,True,81.09,81.5946,False,140.69,136.6728,True,81.89,79.8584,True,43.76,43.934000000000005,False,93.57,94.6234,False,97.09,91.809,True
2024-11-22 05:00:00,595.51,542.1039999999999,True,233.6,228.31179999999998,True,50.73,47.049,True,144.16,150.3144,False,97.27,91.04899999999999,True,218.1,202.59760000000003,True,81.84,81.55279999999999,True,142.65,136.9144,True,81.45,79.9166,True,44.09,43.9116,True,94.09,94.65140000000001,False,96.88,92.0092,True
2024-11-25 05:00:00,597.53,542.58565,True,233.59,228.5916,True,51.06,47.1684,True,145.39,150.0774,False,95.35,91.22460000000001,True,220.33,203.16119999999998,True,82.29,81.5134,True,143.54,137.16039999999998,True,81.6,79.9658,True,44.68,43.898,True,95.06,94.6816,True,97.38,92.20120000000001,True
2024-11-26 05:00:00,600.65,543.0840000000001,True,234.76,228.9034,True,51.16,47.285,True,146.17,149.8884,False,95.22,91.3742,True,221.13,203.72119999999998,True,82.63,81.49680000000001,True,143.71,137.3954,True,82.9,80.04220000000001,True,44.9,43.895999999999994,True,94.35,94.694,False,97.74,92.40039999999999,True
2024-11-27 05:00:00,598.83,543.60775,True,231.58,229.1916,True,51.26,47.40639999999999,True,146.95,149.7202,False,95.12,91.5184,True,220.04,204.267,True,82.8,81.49,True,143.18,137.622,True,82.9,80.1306,True,45.21,43.9028,True,94.3,94.71340000000001,False,97.87,92.60359999999999,True
2024-11-29 05:00:00,602.55,544.12765,True,233.73,229.39379999999997,True,51.34,47.5194,True,147.41,149.55,False,95.53,91.6498,True,222.3,204.77020000000002,True,83.22,81.5014,True,143.99,137.8194,True,82.93,80.2288,True,45.0,43.907599999999995,True,94.78,94.7142,True,98.4,92.79360000000001,True
2024-12-02 05:00:00,603.63,544.6357499999999,True,235.95,229.6622,True,50.83,47.6228,True,147.15,149.38739999999999,False,94.52,91.765,True,224.24,205.32119999999998,True,83.12,81.5028,True,142.93,138.0144,True,81.15,80.2502,True,44.32,43.9004,True,94.72,94.72720000000001,False,99.21,92.99980000000001,True
2024-12-03 05:00:00,603.91,545.15775,True,236.8,229.9564,True,50.45,47.723,True,146.82,149.2358,False,94.51,91.87279999999998,True,224.07,205.82920000000001,True,82.69,81.4948,True,142.03,138.1822,True,80.45,80.2526,True,44.06,43.8844,True,94.42,94.7262,False,100.01,93.2234,True
2024-12-04 05:00:00,607.66,545.71225,True,241.13,230.3068,True,50.26,47.827,True,146.74,149.08880000000002,False,92.23,91.9394,True,226.15,206.34400000000002,True,82.46,81.4862,True,142.65,138.3432,True,80.44,80.2662,True,43.94,43.86600000000001,True,93.5,94.681,False,100.24,93.44319999999999,True
2024-12-05 05:00:00,606.66,546.2595,True,239.91,230.62,True,50.41,47.939400000000006,True,145.1,148.93900000000002,False,92.59,92.04800000000002,True,228.0,206.9102,True,82.79,81.4884,True,140.92,138.4822,True,80.69,80.27640000000001,True,43.83,43.8492,False,92.27,94.624,False,100.01,93.66400000000002,True
2024-12-06 05:00:00,607.81,546.7610500000001,True,240.84,230.8924,True,50.4,48.047,True,144.28,148.7626,False,91.02,92.1594,False,232.8,207.55540000000002,True,82.38,81.4786,True,140.56,138.6006,True,79.69,80.2776,False,43.77,43.84,False,91.91,94.5204,False,100.93,93.8932,True
2024-12-09 05:00:00,604.68,547.2452,True,239.27,231.1758,True,49.71,48.1382,True,144.7,148.5962,False,90.87,92.23299999999999,False,232.06,208.1798,True,82.25,81.4632,True,139.34,138.6908,True,78.69,80.243,False,43.86,43.8314,True,91.89,94.4198,False,98.78,94.06859999999999,True
2024-12-10 05:00:00,602.8,547.72925,True,235.95,231.37959999999998,True,49.7,48.2258,True,144.1,148.39780000000002,False,90.25,92.28199999999998,False,232.44,208.82119999999998,True,82.64,81.45599999999999,True,139.0,138.762,True,78.12,80.1898,False,43.15,43.801,False,90.95,94.31119999999999,False,100.33,94.26720000000002,True
2024-12-11 05:00:00,607.46,548.2319,True,239.37,231.7618,True,49.8,48.32019999999999,True,142.14,148.1764,False,90.4,92.29400000000001,False,236.52,209.56040000000002,True,82.01,81.4418,True,138.68,138.8254,False,77.63,80.1138,False,43.04,43.7738,False,90.63,94.20100000000001,False,101.97,94.49719999999999,True
2024-12-12 05:00:00,604.33,548.72225,True,238.03,232.0846,True,49.58,48.4092,True,141.01,147.9386,False,89.67,92.273,False,234.56,210.2942,True,82.25,81.4464,True,137.79,138.87599999999998,False,77.59,80.0362,False,43.01,43.7492,False,90.0,94.0856,False,102.16,94.7366,True
2024-12-13 05:00:00,604.21,549.2029,True,239.05,232.40939999999998,True,49.54,48.502199999999995,True,140.99,147.72799999999998,False,89.22,92.211,False,235.49,211.09239999999997,True,82.04,81.4632,True,137.43,138.9332,False,77.64,79.9602,False,42.83,43.7296,False,89.23,93.97599999999998,False,100.94,94.9578,True
2024-12-16 05:00:00,606.79,549.6726,True,241.44,232.7324,True,49.45,48.578199999999995,True,139.31,147.4814,False,87.26,92.0926,False,238.68,211.90259999999998,True,81.61,81.46600000000001,True,137.55,138.974,False,77.02,79.87440000000001,False,42.61,43.711400000000005,False,88.44,93.8414,False,101.33,95.16680000000001,True
2024-12-17 05:00:00,604.29,550.1325499999999,True,239.98,233.05720000000002,True,49.1,48.6584,True,139.21,147.24620000000002,False,86.61,91.95459999999999,False,239.43,212.7894,True,81.47,81.4822,False,136.29,138.99620000000002,False,76.7,79.8196,False,42.42,43.6958,False,87.95,93.7026,False,100.57,95.385,True
2024-12-18 05:00:00,586.28,550.52805,True,232.24,233.1436,False,47.63,48.70400000000001,False,137.32,146.95680000000002,False,84.05,91.8142,False,228.64,213.42239999999998,True,80.23,81.46560000000001,False,132.44,138.9354,False,74.89,79.7278,False,40.76,43.6444,False,85.45,93.5226,False,97.7,95.53,True
2024-12-19 05:00:00,586.1,550.9098,True,232.49,233.18400000000003,False,47.8,48.7446,False,136.28,146.6156,False,83.32,91.6482,False,228.33,214.021,True,79.66,81.42779999999999,False,132.27,138.847,False,75.23,79.6564,False,40.06,43.57860000000001,False,84.53,93.31220000000002,False,97.43,95.669,True
2024-12-20 05:00:00,591.15,551.2915,True,235.96,233.295,True,48.51,48.8022,False,138.0,146.3202,False,84.14,91.4862,False,228.91,214.65079999999998,True,79.94,81.4028,False,133.82,138.8036,False,76.43,79.6138,False,40.79,43.5346,False,85.58,93.11840000000001,False,97.96,95.83200000000001,True
2024-12-23 05:00:00,594.69,551.70635,True,238.07,233.4402,True,48.42,48.8404,False,138.75,146.0174,False,83.93,91.30860000000001,False,229.17,215.30259999999998,True,78.92,81.3484,False,133.12,138.6976,False,76.06,79.55,False,40.54,43.476800000000004,False,85.07,92.902,False,98.24,95.98819999999999,True
2024-12-24 05:00:00,601.3,552.1564500000001,True,240.53,233.5744,True,48.99,48.8842,True,139.32,145.709,False,84.64,91.14599999999999,False,234.47,216.04319999999998,True,79.44,81.2978,False,134.16,138.59580000000003,False,76.48,79.4746,False,40.81,43.4184,False,85.53,92.68379999999999,False,99.17,96.15459999999999,True
2024-12-26 05:00:00,601.34,552.57925,True,240.69,233.81459999999998,True,49.11,48.9284,True,139.6,145.444,False,84.57,91.04180000000001,False,233.6,216.75780000000003,True,79.69,81.2418,False,134.26,138.5174,False,76.3,79.3884,False,40.87,43.350199999999994,False,85.4,92.465,False,99.04,96.31439999999999,True
2024-12-27 05:00:00,595.01,552.97445,True,237.49,233.9766,True,48.75,48.9538,False,138.95,145.15740000000002,False,84.56,90.9288,False,229.74,217.37440000000004,True,79.3,81.1792,False,133.26,138.3976,False,76.08,79.2658,False,40.54,43.2666,False,84.94,92.222,False,98.16,96.45779999999999,True
2024-12-30 05:00:00,588.22,553.3408000000001,True,234.47,234.06420000000003,True,48.28,48.967200000000005,False,137.24,144.8544,False,84.55,90.807,False,226.05,217.92079999999999,True,78.37,81.1054,False,131.92,138.259,False,75.76,79.15140000000001,False,40.35,43.185,False,83.8,91.9532,False,97.13,96.5892,True
2024-12-31 05:00:00,586.08,553.72205,True,232.52,234.0964,False,48.33,48.9814,False,137.57,144.54319999999998,False,85.66,90.71340000000001,False,224.35,218.41760000000002,True,78.61,81.0328,False,131.76,138.1088,False,75.69,79.0262,False,40.67,43.1036,False,84.14,91.6834,False,96.81,96.7008,True
2025-01-02 05:00:00,584.64,554.08095,True,231.97,234.09600000000003,False,48.21,49.0008,False,137.61,144.2688,False,86.66,90.64519999999999,False,221.4,218.88639999999998,True,78.37,80.9692,False,131.3,137.9592,False,76.27,78.91900000000001,False,40.29,43.032999999999994,False,83.21,91.41,False,97.28,96.829,True
2025-01-03 05:00:00,591.95,554.46215,True,235.75,234.17600000000002,True,48.59,49.0296,False,138.96,144.0258,False,87.47,90.589,False,225.88,219.4608,True,78.33,80.8956,False,132.72,137.8716,False,77.08,78.8338,False,40.84,42.972,False,83.19,91.154,False,97.88,96.9666,True
2025-01-06 05:00:00,595.36,554.83655,True,238.75,234.38240000000002,True,48.44,49.0562,False,139.02,143.7982,False,87.07,90.5342,False,226.77,220.115,True,77.51,80.8088,False,132.43,137.7862,False,76.22,78.7158,False,40.28,42.891200000000005,False,83.75,90.9144,False,98.94,97.13920000000002,True
2025-01-07 05:00:00,588.63,555.1687000000001,True,233.96,234.4796,False,48.33,49.0798,False,139.71,143.6042,False,87.94,90.49700000000001,False,222.38,220.55900000000003,True,77.24,80.7188,False,132.3,137.717,False,76.03,78.6046,False,39.98,42.802400000000006,False,83.7,90.6972,False,97.84,97.28359999999999,True
2025-01-08 05:00:00,589.49,555.5101,True,233.88,234.55140000000003,False,48.49,49.117,False,140.43,143.441,False,88.03,90.4622,False,223.01,221.00300000000004,True,77.38,80.6452,False,132.82,137.6654,False,76.01,78.5172,False,40.15,42.724,False,84.16,90.50119999999998,False,97.26,97.4118,False
2025-01-10 05:00:00,580.49,555.8136999999999,True,228.78,234.52259999999998,False,47.32,49.11919999999999,False,139.64,143.2576,False,88.39,90.446,False,220.82,221.3938,False,76.34,80.5478,False,131.33,137.576,False,75.58,78.4086,False,39.18,42.623400000000004,False,83.3,90.2724,False,95.81,97.49940000000001,False
2025-01-13 05:00:00,581.39,556.1265999999999,True,227.16,234.39939999999999,False,47.66,49.13400000000001,False,141.46,143.1188,False,90.25,90.4942,False,222.07,221.8306,True,76.47,80.46900000000001,False,132.87,137.52100000000002,False,74.7,78.317,False,39.68,42.5408,False,85.16,90.09299999999999,False,95.85,97.5706,False
2025-01-14 05:00:00,582.19,556.4217,True,227.76,234.36239999999998,False,48.25,49.156400000000005,False,140.0,142.9564,False,91.22,90.5578,True,221.64,222.2644,False,76.49,80.3932,False,134.44,137.502,False,75.68,78.24879999999999,False,40.02,42.461800000000004,False,86.22,89.9246,False,95.53,97.6242,False
2025-01-15 05:00:00,592.78,556.77025,True,232.29,234.5634,False,49.48,49.2164,True,140.57,142.8304,False,92.57,90.6374,True,227.28,222.87220000000002,True,76.23,80.3154,False,135.29,137.5312,False,76.79,78.1864,False,40.19,42.4016,False,87.04,89.7976,False,97.1,97.7254,False
2025-01-16 05:00:00,591.64,557.11765,True,230.5,234.6952,False,49.81,49.2798,True,141.13,142.69819999999999,False,93.24,90.7416,True,226.05,223.3914,True,76.8,80.2484,False,136.93,137.5896,False,78.73,78.1984,True,41.09,42.36860000000001,False,87.76,89.6902,False,96.55,97.8084,False
2025-01-17 05:00:00,597.58,557.51135,True,234.11,234.90259999999998,False,50.23,49.3588,True,140.18,142.5664,False,93.96,90.8294,True,229.22,223.98780000000002,True,77.24,80.1858,False,137.75,137.6674,True,78.84,78.2312,True,41.08,42.3258,False,88.33,89.586,False,97.39,97.9144,False
2025-01-21 05:00:00,603.05,557.9295500000001,True,236.06,235.086,True,50.65,49.4376,True,142.5,142.45940000000002,True,93.48,90.89560000000002,True,230.9,224.5472,True,77.6,80.1202,False,140.58,137.757,True,80.05,78.265,True,41.83,42.2862,False,89.46,89.5016,False,98.27,98.0176,True
2025-01-22 05:00:00,606.44,558.3964,True,241.39,235.2468,True,50.41,49.454800000000006,True,142.18,142.34220000000002,False,91.78,90.86,True,230.03,224.9594,True,77.22,80.0734,False,140.25,137.7334,True,78.32,78.2804,True,41.1,42.2554,False,88.74,89.377,False,99.25,98.09459999999999,True
2025-01-23 05:00:00,609.75,558.8530000000001,True,241.82,235.3348,True,50.7,49.4938,True,144.08,142.2416,True,92.2,90.8414,True,231.42,225.3456,True,77.5,80.02640000000001,False,141.67,137.75519999999997,True,78.69,78.3004,True,41.43,42.220600000000005,False,89.23,89.25480000000002,False,99.51,98.15180000000001,True
2025-01-24 05:00:00,607.97,559.29925,True,239.3,235.37760000000003,True,50.85,49.52700000000001,True,144.31,142.1242,True,91.31,90.79260000000001,True,230.01,225.6434,True,77.9,79.968,False,141.07,137.7348,True,79.49,78.3066,True,41.55,42.1734,False,89.0,89.14540000000001,False,100.41,98.23639999999999,True
2025-01-27 05:00:00,599.37,559.6995,True,227.57,235.21200000000002,False,51.41,49.5574,True,147.55,142.0892,True,90.36,90.7142,False,231.32,225.8806,True,80.01,79.95739999999999,True,139.18,137.6546,True,77.65,78.2716,False,41.96,42.141999999999996,False,89.05,89.04519999999998,True,100.93,98.32060000000001,True
2025-01-28 05:00:00,604.52,560.1515,True,233.64,235.1618,False,51.32,49.589,True,146.52,142.0752,True,89.5,90.6286,False,231.6,226.18200000000002,True,78.76,79.92,False,138.26,137.5806,True,76.58,78.2334,False,41.45,42.111399999999996,False,88.76,88.9712,False,101.42,98.4058,True
2025-01-29 05:00:00,601.81,560.57055,True,231.74,235.09,False,51.28,49.6192,True,145.66,142.05180000000001,True,89.7,90.5324,False,230.94,226.4332,True,78.95,79.88159999999999,False,137.79,137.4912,True,76.74,78.2012,False,40.97,42.064400000000006,False,88.6,88.88960000000002,False,101.87,98.4992,True
2025-01-30 05:00:00,605.04,561.0415,True,232.17,235.0428,False,51.77,49.6618,True,147.34,142.1082,True,90.16,90.4382,False,233.2,226.7916,True,79.73,79.8628,False,139.33,137.48059999999998,True,78.34,78.2064,True,41.51,42.035999999999994,False,89.44,88.84,True,101.97,98.59679999999999,True
2025-01-31 05:00:00,601.82,561.52835,True,230.81,235.0848,False,51.47,49.6938,True,146.87,142.2088,True,87.64,90.29639999999999,False,232.17,227.16620000000003,True,78.98,79.8432,False,138.35,137.46540000000002,True,77.88,78.179,False,41.42,42.004799999999996,False,88.79,88.7902,False,102.38,98.7414,True
2025-02-03 05:00:00,597.77,561.99955,True,227.7,235.0498,False,51.26,49.718599999999995,True,147.44,142.31879999999998,True,88.19,90.14039999999999,False,229.1,227.44,True,79.29,79.8186,False,136.98,137.4266,False,78.3,78.1462,True,41.35,41.9646,False,88.88,88.728,True,102.6,98.8716,True
2025-02-04 05:00:00,601.78,562.5057,True,230.98,235.0428,False,51.14,49.74759999999999,True,147.04,142.4354,True,90.04,90.03359999999999,True,231.8,227.76460000000003,True,78.62,79.7784,False,137.02,137.391,False,77.61,78.08940000000001,False,41.35,41.9208,False,89.14,88.677,True,103.52,99.00759999999998,True
2025-02-05 05:00:00,604.22,563.0292000000001,True,234.19,235.104,False,51.68,49.7904,True,148.45,142.5468,True,90.23,89.9114,True,229.17,228.05560000000003,True,79.11,79.75619999999999,False,137.12,137.3544,False,78.39,78.0474,True,42.0,41.891400000000004,True,89.07,88.60959999999999,True,102.52,99.11120000000001,True
2025-02-06 05:00:00,606.32,563.585,True,234.83,235.13099999999997,False,52.11,49.82919999999999,True,147.12,142.6086,True,88.57,89.7404,False,230.08,228.3572,True,79.47,79.7238,False,137.74,137.2954,True,78.3,77.9756,True,42.12,41.858599999999996,True,89.38,88.5258,True,102.96,99.2286,True
2025-02-07 05:00:00,600.77,564.09025,True,232.82,235.11540000000002,False,51.82,49.851000000000006,True,146.43,142.654,True,88.56,89.56620000000001,False,225.58,228.5068,False,79.35,79.674,False,137.33,137.189,True,78.14,77.90939999999999,True,41.97,41.8162,True,88.29,88.40979999999999,False,102.74,99.3458,True
2025-02-10 05:00:00,604.85,564.58625,True,236.22,235.16800000000003,True,51.41,49.85799999999999,True,146.3,142.6722,True,90.51,89.46940000000001,True,226.35,228.62720000000002,False,79.84,79.625,True,138.56,137.0894,True,78.99,77.8572,True,42.03,41.7632,True,88.74,88.2834,True,103.2,99.4622,True
2025-02-11 05:00:00,605.31,565.0857500000001,True,236.33,235.19940000000003,True,51.54,49.86559999999999,True,146.03,142.6694,True,91.24,89.3898,True,223.78,228.6802,False,80.61,79.5846,True,138.61,136.9874,True,79.39,77.78699999999999,True,42.26,41.7104,True,89.26,88.1816,True,103.37,99.5748,True
2025-02-12 05:00:00,603.36,565.5850999999999,True,235.82,235.28420000000003,True,51.36,49.8676,True,145.82,142.6468,True,89.04,89.2682,False,223.74,228.75419999999997,False,80.55,79.53960000000001,True,137.75,136.87879999999998,True,79.25,77.714,True,41.9,41.6442,True,88.62,88.068,True,103.48,99.68700000000001,True
2025-02-13 05:00:00,609.73,566.09245,True,239.16,235.39280000000002,True,51.7,49.87480000000001,True,146.39,142.6264,True,89.71,89.15180000000001,True,227.1,228.8502,False,81.42,79.5036,True,137.89,136.7568,True,79.43,77.64399999999999,True,42.23,41.5888,True,90.16,87.9756,True,104.67,99.8124,True
2025-02-14 05:00:00,609.7,566.59065,True,239.97,235.4732,True,51.8,49.8942,True,144.8,142.5794,True,90.07,89.06280000000001,True,227.0,228.90540000000001,False,80.61,79.4534,True,137.55,136.6492,True,79.1,77.603,True,42.06,41.5436,True,89.85,87.87819999999999,True,105.31,99.93439999999998,True
2025-02-18 05:00:00,611.49,567.1382,True,242.16,235.5804,True,52.17,49.928599999999996,True,144.52,142.5334,True,91.3,88.99860000000001,True,226.37,228.9514,False,80.9,79.41760000000001,True,138.63,136.5812,True,79.84,77.5908,True,42.21,41.5066,True,90.99,87.80959999999999,True,104.82,100.03059999999999,True
2025-02-19 05:00:00,612.93,567.7011,True,242.18,235.60139999999998,True,52.19,49.967200000000005,True,146.4,142.5266,True,92.02,88.99439999999998,True,226.24,228.9532,False,81.55,79.3994,True,138.77,136.5036,True,80.26,77.5872,True,42.29,41.4736,True,89.92,87.738,True,104.94,100.12459999999999,True
2025-02-20 05:00:00,610.38,568.22785,True,241.41,235.63139999999999,True,51.39,49.986799999999995,True,147.22,142.569,True,92.86,88.9998,True,224.29,228.879,False,81.23,79.3682,True,137.86,136.44240000000002,True,80.25,77.5784,True,42.58,41.4486,True,89.71,87.6868,True,104.45,100.21339999999998,True
2025-02-21 05:00:00,599.94,568.6711,True,234.87,235.512,False,50.75,49.9938,True,146.43,142.612,True,90.93,88.99799999999999,True,218.39,228.59080000000003,False,82.18,79.3642,True,134.84,136.328,False,80.27,77.59,True,42.23,41.4178,True,88.07,87.61,True,103.02,100.2552,True
2025-02-24 05:00:00,597.21,569.0743,True,231.51,235.3568,False,50.97,50.019000000000005,True,147.62,142.6704,True,90.95,88.99960000000002,True,217.57,228.30100000000002,False,82.43,79.3678,True,134.23,136.2258,False,79.87,77.61359999999999,True,42.42,41.388999999999996,True,87.97,87.5316,True,103.22,100.34400000000001,True
2025-02-25 05:00:00,594.24,569.4598000000001,True,228.51,235.208,False,50.96,50.044200000000004,True,148.89,142.7662,True,89.64,88.9874,True,216.43,227.98080000000002,False,83.6,79.387,True,134.92,136.1442,False,79.47,77.64059999999999,True,42.87,41.3834,True,88.65,87.48559999999999,True,101.69,100.37119999999999,True
2025-02-26 05:00:00,594.54,569.84655,True,231.0,235.04059999999998,False,50.85,50.065200000000004,True,147.82,142.87980000000002,True,89.13,88.96199999999999,True,215.54,227.56119999999999,False,82.0,79.38680000000001,True,135.0,136.0706,False,79.8,77.684,True,42.66,41.3758,True,88.61,87.4452,True,101.51,100.36200000000001,True
2025-02-27 05:00:00,585.05,570.1709500000001,True,222.59,234.7318,False,51.13,50.096199999999996,True,147.22,143.004,True,89.61,88.96080000000002,True,212.43,227.11860000000001,False,81.99,79.38159999999999,True,134.53,136.0054,False,78.03,77.6928,True,42.85,41.37259999999999,True,88.01,87.40540000000001,True,100.53,100.3294,True
2025-02-28 05:00:00,594.18,570.5376500000001,True,225.53,234.4614,False,52.18,50.14900000000001,True,148.93,143.1628,True,91.0,88.9964,True,215.96,226.72800000000004,False,83.08,79.4024,True,136.33,135.9834,True,79.22,77.7244,True,43.15,41.379,True,88.76,87.396,True,102.0,100.3506,True
2025-03-03 05:00:00,583.77,570.85195,True,218.67,234.00599999999997,False,51.74,50.194799999999994,True,149.58,143.3682,True,87.82,89.0076,False,211.98,226.19400000000002,False,83.52,79.44059999999999,True,134.39,135.9202,False,79.33,77.7706,True,43.52,41.397200000000005,True,86.98,87.3668,False,100.98,100.34360000000001,True
2025-03-04 05:00:00,576.86,571.11975,True,218.5,233.5764,False,49.92,50.2112,False,148.19,143.5478,True,86.97,89.01480000000001,False,208.24,225.5702,False,82.1,79.4532,True,131.77,135.8298,False,78.04,77.7974,True,43.02,41.4092,True,85.8,87.3238,False,100.18,100.3358,False
2025-03-05 05:00:00,583.06,571.3861499999999,True,221.57,233.363,False,50.21,50.2628,False,149.68,143.795,True,85.7,89.04780000000001,False,211.41,225.22560000000001,False,82.44,79.4974,True,133.85,135.858,False,77.49,77.8494,False,43.42,41.462399999999995,True,88.04,87.37560000000002,True,101.47,100.41120000000001,True
2025-03-06 05:00:00,572.71,571.60625,True,215.42,233.0216,False,49.38,50.2944,False,149.27,144.0548,True,85.96,89.10060000000001,False,206.05,224.78,False,82.59,79.556,True,132.7,135.8666,False,75.88,77.8624,False,42.23,41.5058,True,87.58,87.4366,True,99.65,100.45559999999999,False
2025-03-07 05:00:00,575.92,571.8386,True,218.54,232.6732,False,49.12,50.306599999999996,False,149.28,144.28040000000001,True,87.43,89.1664,False,205.67,224.3152,False,82.86,79.6144,True,134.25,135.8752,False,77.29,77.8796,False,42.47,41.53940000000001,True,87.82,87.4814,True,100.29,100.50219999999999,False
2025-03-10 04:00:00,560.58,571.9912,False,209.25,232.0968,False,48.02,50.29859999999999,False,147.67,144.4588,True,88.08,89.24939999999998,False,198.33,223.6984,False,82.68,79.6896,True,132.15,135.8558,False,78.14,77.9212,True,42.06,41.569799999999994,True,85.99,87.4998,False,97.79,100.49320000000002,False
2025-03-11 04:00:00,555.92,572.114,False,208.4,231.45420000000001,False,47.61,50.271,False,146.06,144.5936,True,87.38,89.3042,False,196.39,222.9368,False,81.47,79.7302,True,130.12,135.775,False,77.41,77.93979999999999,False,41.62,41.58599999999999,True,85.33,87.4958,False,96.35,100.4368,False
2025-03-12 04:00:00,558.87,572.2592,False,211.68,230.87400000000002,False,47.68,50.242399999999996,False,144.6,144.6936,False,87.78,89.36840000000001,False,197.53,222.21539999999996,False,79.7,79.7304,False,130.11,135.692,False,77.17,77.9572,False,41.47,41.598,False,84.93,87.48639999999999,False,96.83,100.3926,False
2025-03-13 04:00:00,551.42,572.3865,False,207.66,230.27740000000003,False,47.42,50.2158,False,143.83,144.7912,False,87.18,89.4208,False,192.6,221.47259999999997,False,79.33,79.73100000000001,False,128.78,135.6024,False,77.36,77.98280000000001,False,40.66,41.6004,False,84.87,87.485,False,94.84,100.32620000000001,False
2025-03-14 04:00:00,562.81,572.55335,False,213.94,229.86679999999996,False,48.52,50.2206,False,144.93,144.945,False,89.76,89.525,True,196.7,220.8856,False,79.51,79.7538,False,131.13,135.5866,False,78.87,78.045,True,41.45,41.6224,False,85.98,87.52860000000001,False,96.58,100.3152,False
2025-03-17 04:00:00,567.15,572.74005,False,215.43,229.525,False,49.09,50.2358,False,146.77,145.129,True,91.19,89.63560000000001,True,197.01,220.33880000000002,False,80.67,79.795,True,132.94,135.6102,False,79.2,78.1152,True,42.18,41.65259999999999,True,87.06,87.58699999999999,False,97.27,100.32440000000001,False
2025-03-18 04:00:00,561.02,572.91465,False,212.15,229.12859999999998,False,49.03,50.252199999999995,False,146.84,145.3136,True,91.34,89.7292,True,193.5,219.78080000000003,False,79.75,79.8226,False,131.88,135.62179999999998,False,78.65,78.1628,True,41.92,41.685199999999995,True,86.91,87.66099999999999,False,95.91,100.29700000000001,False
2025-03-19 04:00:00,567.13,573.13725,False,214.91,228.7118,False,49.57,50.271800000000006,False,146.92,145.4728,True,92.83,89.8364,True,197.21,219.20739999999998,False,79.75,79.851,False,133.63,135.64,False,78.94,78.2,True,41.97,41.7078,True,87.2,87.7412,False,97.05,100.28040000000001,False
2025-03-20 04:00:00,565.49,573.32785,False,213.38,228.2044,False,49.64,50.2958,False,147.01,145.6326,True,93.17,89.9584,True,196.74,218.6068,False,79.36,79.888,False,132.96,135.6506,False,79.26,78.2608,True,41.92,41.7406,True,86.65,87.7992,False,96.84,100.23839999999998,False
2025-03-21 04:00:00,563.98,573.50875,False,213.96,227.8044,False,49.46,50.318400000000004,False,146.6,145.7704,True,92.52,90.05,True,197.45,218.1082,False,79.33,79.9298,False,132.25,135.6496,False,78.75,78.3152,True,41.51,41.7712,False,85.79,87.84100000000001,False,97.6,100.23360000000001,False
2025-03-24 04:00:00,574.08,573.7372,True,217.63,227.4794,False,50.15,50.3516,False,147.15,145.9048,True,92.85,90.1464,True,204.29,217.73379999999997,False,79.4,79.97019999999999,False,134.29,135.679,False,78.17,78.35839999999999,False,41.82,41.8046,True,86.54,87.88860000000001,False,98.69,100.26219999999999,False
2025-03-25 04:00:00,575.46,573.94115,True,218.35,227.2708,False,50.43,50.4138,True,145.27,146.0174,False,93.23,90.2432,True,205.92,217.43579999999997,False,78.68,80.017,False,134.49,135.74220000000003,False,76.92,78.3852,False,41.32,41.8474,False,86.52,87.95300000000002,False,99.94,100.34479999999999,False
2025-03-26 04:00:00,568.59,574.1108,False,213.48,226.99720000000002,False,50.28,50.4662,False,144.74,146.083,False,93.78,90.31379999999999,True,203.23,217.05899999999997,False,79.9,80.0856,False,133.6,135.7568,False,77.43,78.4398,False,41.53,41.8844,False,86.68,87.9834,False,99.09,100.40960000000001,False
2025-03-27 04:00:00,567.08,574.27615,False,211.51,226.6722,False,50.18,50.504799999999996,False,144.97,146.1824,False,92.87,90.34679999999999,True,203.36,216.6934,False,80.81,80.172,True,132.89,135.7258,False,77.41,78.4744,False,41.43,41.91259999999999,False,86.64,87.9918,False,98.65,100.472,False
2025-03-28 04:00:00,555.66,574.37615,False,206.38,226.15399999999997,False,49.21,50.499399999999994,False,144.52,146.26139999999998,False,92.43,90.344,True,197.04,216.0886,False,80.41,80.2556,True,130.15,135.623,False,77.98,78.4982,False,41.41,41.937000000000005,False,85.05,87.95200000000001,False,95.74,100.4448,False
2025-03-31 04:00:00,559.39,574.48835,False,206.48,225.6736,False,49.81,50.499399999999994,False,146.01,146.359,False,93.45,90.34819999999999,True,197.46,215.5168,False,81.67,80.35300000000001,True,131.07,135.50580000000002,False,78.85,78.50059999999999,True,41.85,41.952200000000005,False,85.98,87.9164,False,96.45,100.4428,False
2025-04-01 04:00:00,560.97,574.5864,False,207.99,225.15120000000002,False,49.75,50.489799999999995,False,143.34,146.4222,False,94.0,90.34899999999999,True,199.52,214.9228,False,81.79,80.444,True,131.81,135.387,False,79.05,78.5048,True,41.88,41.9682,False,86.3,87.8758,False,96.51,100.42519999999999,False
2025-04-02 04:00:00,564.52,574.69675,False,209.53,224.62059999999997,False,50.16,50.48,False,144.3,146.4582,False,94.13,90.362,True,203.31,214.37099999999998,False,81.55,80.523,True,133.05,135.2364,False,79.42,78.4922,True,42.08,41.973200000000006,True,87.01,87.8268,False,96.85,100.3968,False
2025-04-03 04:00:00,536.7,574.66635,False,195.23,223.6974,False,47.69,50.4256,False,143.13,146.47719999999998,False,86.74,90.26119999999999,False,191.03,213.591,False,82.02,80.619,True,125.85,134.9484,False,78.92,78.5042,True,40.82,41.96759999999999,False,83.08,87.7136,False,92.53,100.2624,False
2025-04-04 04:00:00,505.28,574.45725,False,182.37,222.5084,False,44.2,50.29560000000001,False,135.28,146.3012,False,78.76,89.9924,False,182.79,212.6184,False,78.46,80.6382,False,117.94,134.4738,False,74.53,78.421,False,38.96,41.9182,False,77.88,87.4866,False,87.23,100.0168,False
2025-04-07 04:00:00,504.38,574.2366999999999,False,183.46,221.3916,False,44.09,50.1604,False,134.47,146.1044,False,78.25,89.73119999999999,False,180.63,211.63080000000002,False,77.55,80.63119999999999,False,117.39,134.0002,False,73.39,78.29899999999999,False,38.02,41.84759999999999,False,76.63,87.2392,False,87.35,99.7556,False
2025-04-08 04:00:00,496.48,573.9841,False,179.73,220.4348,False,43.92,50.0106,False,132.98,145.81300000000002,False,76.44,89.45280000000001,False,176.34,210.5312,False,76.35,80.558,False,116.42,133.545,False,73.09,78.20779999999999,False,37.08,41.75,False,74.27,86.9436,False,86.13,99.4596,False
2025-04-09 04:00:00,548.62,574.0046500000001,False,203.86,219.83919999999998,False,47.23,49.9288,False,138.76,145.65779999999998,False,82.36,89.31,False,195.54,209.81,False,79.31,80.569,False,126.76,133.315,False,75.97,78.1956,False,39.21,41.7052,False,80.76,86.7836,False,93.74,99.30599999999998,False
2025-04-10 04:00:00,524.58,573.91385,False,194.37,219.0918,False,45.91,49.821400000000004,False,134.89,145.4424,False,76.98,89.0556,False,187.9,208.9492,False,79.35,80.577,False,123.49,133.029,False,75.4,78.1688,False,38.38,41.653400000000005,False,78.18,86.57520000000001,False,90.5,99.0786,False
2025-04-11 04:00:00,533.94,573.8594,False,198.35,218.4154,False,46.67,49.71940000000001,False,136.87,145.233,False,78.89,88.8302,False,189.72,208.0796,False,80.35,80.5894,False,125.67,132.7558,False,76.32,78.1284,False,38.92,41.6016,False,80.5,86.3964,False,91.27,98.86460000000001,False
2025-04-14 04:00:00,539.12,573.82745,False,200.16,217.8024,False,47.15,49.632999999999996,False,138.54,145.0664,False,79.17,88.6608,False,190.27,207.2416,False,81.72,80.6442,True,126.98,132.5284,False,77.69,78.1246,False,39.78,41.5688,False,81.47,86.25,False,91.88,98.65460000000002,False
2025-04-15 04:00:00,537.61,573.78365,False,200.89,217.2662,False,47.27,49.5532,False,137.69,144.87140000000002,False,79.05,88.47800000000001,False,188.9,206.43760000000003,False,81.03,80.679,True,126.35,132.3158,False,77.68,78.1122,False,39.84,41.538599999999995,False,80.83,86.089,False,92.11,98.4448,False
2025-04-16 04:00:00,525.66,573.69085,False,193.91,216.5248,False,46.53,49.461000000000006,False,136.29,144.65640000000002,False,79.7,88.27120000000001,False,184.24,205.4864,False,80.16,80.7098,False,124.62,132.0678,False,76.98,78.0996,False,39.82,41.508,False,80.2,85.9102,False,89.63,98.167,False
2025-04-17 04:00:00,526.41,573.5962,False,192.86,215.69819999999999,False,46.65,49.3604,False,135.49,144.3972,False,81.5,88.0966,False,185.4,204.611,False,81.87,80.765,True,125.3,131.8314,False,77.77,78.0872,False,40.45,41.477,False,80.75,85.74380000000001,False,90.21,97.9208,False
2025-04-21 04:00:00,513.88,573.42055,False,187.88,214.7592,False,45.65,49.23120000000001,False,132.57,144.1062,False,79.37,87.9126,False,180.45,203.6184,False,81.09,80.79740000000001,True,122.49,131.52640000000002,False,75.93,78.0398,False,39.61,41.4268,False,79.52,85.5466,False,88.18,97.6252,False
2025-04-22 04:00:00,527.25,573.2995,False,192.46,213.952,False,47.16,49.138000000000005,False,135.06,143.8788,False,81.39,87.7692,False,186.16,202.83,False,82.24,80.8552,True,124.63,131.2724,False,78.0,78.03699999999999,False,40.42,41.3958,False,81.38,85.4084,False,90.48,97.38,False
2025-04-23 04:00:00,535.42,573.2034,False,198.04,213.1884,False,47.72,49.0642,False,135.73,143.6674,False,81.24,87.5838,False,190.32,202.1094,False,81.77,80.8938,True,126.19,131.025,False,78.33,78.0238,True,40.47,41.3646,False,81.48,85.2632,False,91.93,97.15460000000002,False
2025-04-24 04:00:00,546.69,573.16045,False,205.43,212.57039999999998,False,48.25,48.998400000000004,False,137.39,143.49460000000002,False,82.54,87.40979999999999,False,194.11,201.51600000000002,False,81.05,80.9026,True,129.02,130.8332,False,78.45,78.005,True,40.59,41.331199999999995,False,83.24,85.14280000000001,False,93.77,96.96260000000001,False
2025-04-25 04:00:00,550.64,573.13455,False,208.47,212.0234,False,48.02,48.931599999999996,False,138.05,143.3392,False,82.39,87.27680000000001,False,197.6,200.9932,False,80.84,80.9084,False,129.01,130.6584,False,78.21,77.9842,True,40.53,41.3038,False,82.62,85.0228,False,94.36,96.78020000000001,False
2025-04-28 04:00:00,550.85,573.0822000000001,False,208.13,211.40279999999998,False,48.17,48.861,False,138.6,143.1834,False,82.97,87.142,False,197.67,200.4046,False,80.57,80.89139999999999,False,129.44,130.48940000000002,False,78.69,77.96940000000001,True,40.78,41.274800000000006,False,82.77,84.875,False,94.72,96.5812,False
2025-04-29 04:00:00,554.32,573.0714,False,209.1,210.7854,False,48.67,48.7984,False,139.28,143.073,False,82.73,86.99520000000001,False,199.07,199.84600000000003,False,81.24,80.90400000000001,True,130.28,130.344,False,79.3,77.9734,True,41.11,41.2558,False,83.46,84.74719999999999,False,95.41,96.38320000000002,False
2025-04-30 04:00:00,554.54,573.0441500000001,False,209.97,210.1416,False,48.76,48.7302,True,140.47,142.992,False,80.5,86.7792,False,197.26,199.26379999999997,False,81.83,80.9226,True,131.22,130.1958,True,78.9,77.9546,True,41.3,41.2376,True,83.89,84.60520000000001,False,95.44,96.1956,False
2025-05-01 04:00:00,558.47,573.02885,False,213.05,209.55900000000003,True,48.75,48.6614,True,136.64,142.7968,False,80.8,86.55480000000001,False,198.35,198.706,False,81.12,80.914,True,132.21,130.0646,True,79.13,77.932,True,41.42,41.2202,True,83.52,84.4772,False,95.93,96.01540000000001,False
2025-05-02 04:00:00,566.76,573.03835,False,216.61,209.063,True,49.76,48.6288,True,138.53,142.623,False,81.98,86.3372,False,201.43,198.24880000000002,True,81.56,80.9206,True,134.58,129.999,True,79.75,77.922,True,41.93,41.2072,True,84.93,84.38159999999999,True,97.42,95.87480000000001,True
2025-05-05 04:00:00,563.51,573.0712,False,215.46,208.6748,True,49.44,48.6026,True,138.14,142.4572,False,80.5,86.1286,False,199.29,197.8668,True,81.49,80.9068,True,134.65,129.9952,True,79.55,77.9076,True,41.88,41.200199999999995,True,84.3,84.3062,False,97.65,95.7674,True
2025-05-06 04:00:00,558.8,573.1019,False,213.67,208.31799999999998,True,49.16,48.566399999999994,True,134.33,142.1914,False,80.52,85.92,False,197.55,197.4664,True,81.35,80.8852,True,133.47,129.98,True,80.52,77.92060000000001,True,41.59,41.183600000000006,True,83.69,84.22059999999999,False,97.63,95.65559999999999,True
2025-05-07 04:00:00,561.15,573.1627000000001,False,215.81,208.06400000000002,True,49.45,48.5362,True,135.36,141.92079999999999,False,80.55,85.73819999999999,False,199.09,197.1196,True,81.48,80.8428,True,134.15,129.9646,True,80.75,77.9462,True,41.56,41.157399999999996,True,83.23,84.11220000000002,False,97.45,95.5708,True
2025-05-08 04:00:00,565.06,573.21475,False,217.87,207.80140000000003,True,49.86,48.5164,True,134.14,141.6472,False,81.61,85.5878,False,201.44,196.8376,True,81.38,80.8304,True,136.0,129.9846,True,80.1,77.9522,True,41.36,41.13139999999999,True,84.34,84.02680000000001,True,97.68,95.4942,True
2025-05-09 04:00:00,564.34,573.26755,False,217.6,207.70159999999998,True,49.86,48.49100000000001,True,132.68,141.3564,False,82.43,85.4442,False,202.41,196.6372,True,80.91,80.8088,True,136.11,130.0162,True,80.24,77.9964,True,41.61,41.1066,True,84.56,83.95779999999999,True,97.18,95.42720000000001,True
2025-05-12 04:00:00,582.99,573.47635,True,227.7,207.745,True,50.87,48.4648,True,135.96,141.097,False,84.58,85.3158,False,212.47,196.56740000000002,True,81.03,80.7678,True,140.3,130.0956,True,79.76,78.0072,True,41.65,41.0766,True,86.52,83.91300000000001,True,99.2,95.3712,True
2025-05-13 04:00:00,586.84,573.7185,True,232.62,208.024,True,51.08,48.4516,True,131.87,140.74280000000002,False,85.77,85.2748,True,215.28,196.6334,True,79.94,80.6962,False,141.28,130.2334,True,79.65,78.01360000000001,True,41.09,41.028,True,86.09,83.8952,True,100.17,95.355,True
2025-05-14 04:00:00,587.59,573.93425,True,234.13,208.3366,True,50.94,48.472,True,128.77,140.3544,False,85.25,85.2404,True,216.11,196.7908,True,79.51,80.6444,False,140.6,130.41,True,79.3,78.0388,True,40.74,40.9824,False,85.3,83.88519999999998,True,100.69,95.3652,True
2025-05-15 04:00:00,590.46,574.16275,True,234.45,208.59420000000003,True,51.28,48.4934,True,130.46,139.97,False,85.61,85.23859999999999,True,215.63,196.8752,True,81.14,80.61840000000001,True,142.16,130.5762,True,80.99,78.1088,True,41.49,40.9438,True,86.17,83.84779999999999,True,101.09,95.3576,True
2025-05-16 04:00:00,594.2,574.42375,True,234.89,208.9836,True,51.59,48.537600000000005,True,133.09,139.6464,False,85.48,85.229,True,217.67,197.10760000000002,True,82.07,80.608,True,143.78,130.7978,True,82.18,78.2348,True,42.01,40.9394,True,87.05,83.8372,True,101.78,95.4002,True
2025-05-19 04:00:00,594.85,574.64395,True,234.55,209.30379999999997,True,51.62,48.5876,True,134.37,139.3482,False,84.37,85.1678,False,217.16,197.3374,True,82.31,80.597,True,144.27,130.9982,True,82.53,78.3396,True,42.1,40.932,True,87.27,83.82620000000001,True,101.88,95.432,True
2025-05-20 04:00:00,592.85,574.89315,True,233.67,209.79219999999998,True,51.34,48.654,True,134.7,139.0888,False,83.59,85.07800000000002,False,216.03,197.6914,True,82.6,80.5954,True,143.75,131.2302,True,82.77,78.43220000000001,True,41.88,40.9284,True,87.12,83.84880000000001,True,101.63,95.5088,True
2025-05-21 04:00:00,582.86,575.1429499999999,True,229.28,210.2098,True,50.29,48.7076,True,131.58,138.79919999999998,False,82.05,84.97140000000002,False,211.65,197.9966,True,81.64,80.5988,True,141.32,131.45420000000001,True,81.26,78.5092,True,40.77,40.9114,False,85.96,83.86140000000002,True,100.87,95.5992,True
2025-05-22 04:00:00,583.09,575.4715,True,229.34,210.563,True,50.23,48.75860000000001,True,130.55,138.5182,False,81.73,84.8504,False,212.56,198.2972,True,81.3,80.6308,True,141.29,131.67780000000002,True,80.1,78.56779999999999,True,40.63,40.8946,False,85.87,83.8802,True,100.65,95.67559999999999,True
2025-05-23 04:00:00,579.11,575.7563,True,226.81,210.946,True,50.05,48.8112,True,130.34,138.2484,False,81.99,84.7466,False,210.65,198.6582,True,81.6,80.6762,True,140.83,131.9188,True,81.06,78.64179999999999,True,40.64,40.8942,False,85.7,83.8968,True,100.19,95.7826,True
2025-05-27 04:00:00,591.15,576.11875,True,232.2,211.3112,True,50.93,48.85940000000001,True,132.16,137.993,False,82.7,84.6054,False,216.87,199.0616,True,82.34,80.7328,True,143.31,132.1624,True,81.67,78.6978,True,41.31,40.891400000000004,True,87.2,83.92119999999998,True,101.82,95.8874,True
2025-05-28 04:00:00,587.73,576.40415,True,231.24,211.62740000000002,True,50.59,48.889399999999995,True,131.48,137.68720000000002,False,81.65,84.4146,False,214.88,199.41899999999998,True,81.78,80.755,True,142.6,132.35559999999998,True,80.53,78.7244,True,41.31,40.874,True,86.01,83.9002,True,101.8,95.978,True
2025-05-29 04:00:00,590.05,576.68945,True,231.63,212.017,True,50.85,48.9258,True,132.36,137.3976,False,82.26,84.233,False,214.97,199.8484,True,82.11,80.8022,True,142.73,132.5726,True,81.09,78.7732,True,41.69,40.8694,True,86.33,83.88860000000001,True,100.98,96.07939999999999,True
2025-05-30 04:00:00,589.39,576.97005,True,230.91,212.33699999999996,True,50.96,48.953599999999994,True,132.64,137.112,False,81.53,84.007,False,213.8,200.1802,True,82.83,80.8638,True,142.82,132.7564,True,81.92,78.83279999999999,True,41.73,40.8646,True,86.34,83.8714,True,101.4,96.1664,True
2025-06-02 04:00:00,592.71,577.2234,True,232.95,212.7284,True,50.98,48.9804,True,132.72,136.8262,False,82.6,83.79560000000001,False,214.3,200.5314,True,82.88,80.9342,True,142.64,132.95,True,82.18,78.8912,True,41.79,40.862,True,86.85,83.87539999999998,True,101.9,96.2676,True
2025-06-03 04:00:00,596.09,577.4851,True,236.45,213.17820000000003,True,51.08,49.0128,True,133.03,136.5548,False,83.58,83.6168,False,215.44,200.8912,True,82.8,81.0036,True,143.74,133.1798,True,82.4,78.9642,True,41.64,40.8646,True,87.74,83.9144,True,101.61,96.3478,True
2025-06-04 04:00:00,595.93,577.6994,True,236.8,213.5616,True,50.79,49.025600000000004,True,133.29,136.2776,False,81.95,83.3988,False,214.87,201.10280000000003,True,82.22,81.06,True,143.82,133.37040000000002,True,80.96,79.02,True,41.77,40.8636,True,88.07,83.945,True,102.26,96.4192,True
2025-06-05 04:00:00,593.05,577.8931,True,236.13,213.91719999999998,True,50.65,49.03,True,133.11,136.0344,False,81.87,83.1716,False,209.45,201.17340000000002,True,81.43,81.115,True,143.72,133.555,True,80.83,79.0982,True,41.76,40.8724,True,87.55,83.9656,True,102.4,96.4684,True
2025-06-06 04:00:00,599.14,578.0907500000001,True,238.36,214.41479999999999,True,51.28,49.05,True,134.38,135.8272,False,83.41,82.9642,True,212.17,201.3522,True,81.69,81.1508,True,144.93,133.7816,True,81.19,79.17339999999999,True,41.88,40.879400000000004,True,87.78,83.9876,True,103.71,96.5608,True
2025-06-09 04:00:00,599.68,578.2956499999999,True,239.53,214.9752,True,51.0,49.0664,True,134.15,135.6108,False,83.57,82.7782,True,213.87,201.56240000000003,True,81.58,81.1662,True,144.8,134.0198,True,80.67,79.23859999999999,True,41.86,40.888,True,88.37,84.0222,True,103.41,96.656,True
2025-06-10 04:00:00,603.08,578.5079499999999,True,240.87,215.665,True,51.06,49.1034,True,135.68,135.434,True,85.06,82.6308,True,216.43,201.9502,True,81.76,81.19319999999999,True,144.17,134.30020000000002,True,80.86,79.2962,True,42.23,40.9044,True,88.92,84.0996,True,104.72,96.83560000000001,True
2025-06-11 04:00:00,601.36,578.73365,True,240.34,216.34220000000002,True,51.0,49.1272,True,135.75,135.22879999999998,True,86.29,82.4876,True,214.72,202.2954,True,81.48,81.18939999999999,True,144.24,134.5636,True,80.91,79.3374,True,42.0,40.907399999999996,True,88.04,84.1408,True,104.48,96.99619999999999,True
2025-06-12 04:00:00,603.75,578.94175,True,242.57,217.03379999999999,True,51.0,49.1522,True,136.81,135.0982,True,86.59,82.33940000000001,True,213.71,202.5792,True,81.96,81.19279999999999,True,143.86,134.80460000000002,True,81.89,79.3942,True,42.23,40.9144,True,88.41,84.18299999999999,True,103.63,97.13860000000001,True
2025-06-13 04:00:00,597.0,579.1228,True,239.17,217.6266,True,49.96,49.148199999999996,True,136.13,134.93480000000002,True,88.1,82.21880000000002,True,211.74,202.7478,True,80.96,81.181,False,142.65,134.9966,True,81.42,79.43419999999999,True,41.89,40.9106,True,87.38,84.1904,True,102.58,97.25319999999999,True
2025-06-16 04:00:00,602.68,579.3284,True,243.04,218.5828,True,50.53,49.205,True,135.71,134.78640000000001,True,87.84,82.2408,True,214.02,203.20759999999999,True,81.22,81.165,True,143.63,135.3522,True,81.02,79.4762,True,41.93,40.9328,True,88.12,84.29119999999999,True,104.34,97.4894,True
2025-06-17 04:00:00,597.53,579.52455,True,241.32,219.7618,True,50.24,49.3258,True,133.47,134.7502,False,88.66,82.43880000000001,True,210.33,203.7584,True,80.53,81.2064,False,142.55,135.8444,True,80.35,79.5926,True,41.76,40.9888,True,87.26,84.47879999999999,True,103.42,97.8132,True
2025-06-18 04:00:00,597.44,579.72,True,241.61,220.9248,True,50.22,49.44839999999999,True,133.24,134.72560000000001,False,88.08,82.6354,True,210.43,204.3544,True,80.43,81.264,False,142.21,136.3408,True,80.56,79.736,True,41.84,41.0652,True,87.01,84.68639999999999,True,103.47,98.13560000000001,True
2025-06-20 04:00:00,594.28,579.873,True,240.54,222.141,True,50.36,49.577200000000005,True,132.6,134.718,False,88.98,82.8862,True,210.68,205.0412,True,81.02,81.3574,False,142.37,136.8598,True,80.78,79.8898,True,41.83,41.1602,True,86.42,84.9294,True,102.84,98.46979999999999,True
2025-06-23 04:00:00,600.15,580.11335,True,242.88,222.92140000000003,True,50.82,49.64900000000001,True,132.16,134.586,False,86.03,82.9596,True,214.4,205.4184,True,81.4,81.39920000000001,True,143.86,137.2018,True,81.24,79.99520000000001,True,42.06,41.217200000000005,True,86.94,85.053,True,103.89,98.67280000000001,True
2025-06-24 04:00:00,606.78,580.3925,True,247.24,223.9788,True,51.58,49.7624,True,133.78,134.56380000000001,False,84.91,83.1182,True,215.59,205.97220000000002,True,81.33,81.4388,False,145.06,137.63320000000002,True,81.59,80.119,True,42.26,41.2948,True,87.66,85.24259999999998,True,105.23,98.96740000000001,True
2025-06-25 04:00:00,607.12,580.6800499999999,True,249.35,224.99880000000002,True,51.41,49.85719999999999,True,133.9,134.5044,False,84.54,83.2312,True,213.05,206.43880000000001,True,80.24,81.43660000000001,False,143.78,137.99540000000002,True,80.5,80.2026,True,41.23,41.341,False,86.82,85.369,True,105.21,99.2462,True
2025-06-26 04:00:00,611.87,581.0376,True,251.07,226.017,True,51.79,49.95,True,134.22,134.418,False,85.75,83.36280000000001,True,215.01,206.93359999999996,True,80.17,81.40559999999999,False,145.34,138.36260000000001,True,81.17,80.2722,True,40.97,41.3648,False,87.78,85.49520000000001,True,106.43,99.5372,True
2025-06-27 04:00:00,614.91,581.3801,True,250.77,227.0146,True,51.94,50.0434,True,133.93,134.34279999999998,False,85.3,83.4878,True,218.59,207.52739999999997,True,80.55,81.396,False,146.79,138.7714,True,81.33,80.3452,True,41.12,41.3904,False,87.89,85.63640000000001,True,107.68,99.8486,True
2025-06-30 04:00:00,617.85,581.7254,True,253.23,228.20100000000002,True,52.37,50.160199999999996,True,134.79,134.31279999999998,True,84.81,83.59,True,217.33,208.18919999999997,True,80.97,81.4122,False,147.52,139.2294,True,81.66,80.4388,True,41.42,41.422399999999996,False,87.81,85.7886,True,108.53,100.2266,True
2025-07-01 04:00:00,617.65,582.04155,True,250.97,229.3632,True,52.66,50.2804,True,136.71,134.3372,True,85.46,83.6692,True,218.26,208.8464,True,81.98,81.4144,True,148.01,139.6836,True,81.94,80.5222,True,41.7,41.447399999999995,True,90.08,85.9752,True,107.76,100.5776,True
2025-07-02 04:00:00,620.45,582.34835,True,253.62,230.67800000000003,True,52.62,50.419799999999995,True,135.36,134.393,True,86.93,83.8204,True,220.01,209.6376,True,82.22,81.437,True,148.16,140.197,True,81.23,80.6282,True,41.78,41.4908,True,91.43,86.21340000000001,True,107.45,100.963,True
2025-07-03 04:00:00,625.34,582.665,True,256.96,231.968,True,53.19,50.5404,True,135.5,134.4018,True,87.03,83.9332,True,221.21,210.3386,True,82.18,81.4358,True,149.42,140.69279999999998,True,81.84,80.705,True,41.8,41.5184,True,91.37,86.4132,True,108.04,101.3142,True
2025-07-07 04:00:00,620.68,582.9542,True,254.92,233.1056,True,52.68,50.6396,True,134.36,134.3744,False,86.19,84.03219999999999,True,218.4,210.9002,True,82.11,81.4426,True,148.9,141.14700000000002,True,82.01,80.7786,True,41.48,41.538599999999995,False,90.49,86.5934,True,107.0,101.6156,True
2025-07-08 04:00:00,620.34,583.24055,True,256.29,234.1228,True,52.21,50.7188,True,134.97,134.326,True,88.51,84.1516,True,217.66,211.3712,True,81.35,81.4486,False,148.86,141.5438,True,81.14,80.83239999999999,True,41.42,41.555200000000006,False,91.23,86.75319999999999,True,106.78,101.8758,True
2025-07-09 04:00:00,624.06,583.55385,True,257.83,235.11,True,52.4,50.806400000000004,True,135.49,134.2748,True,88.06,84.265,True,218.95,211.79820000000004,True,80.82,81.4482,False,149.9,141.9616,True,81.9,80.9062,True,41.4,41.5726,False,91.78,86.93639999999999,True,107.06,102.12979999999999,True
2025-07-10 04:00:00,625.82,583.82805,True,256.98,236.08700000000002,True,52.71,50.897200000000005,True,136.32,134.2292,True,88.73,84.3802,True,221.37,212.2722,True,81.11,81.459,False,150.74,142.3876,True,82.57,80.9838,True,41.61,41.5892,True,92.27,87.12640000000002,True,106.7,102.3694,True
2025-07-11 04:00:00,623.62,584.1049,True,255.85,237.02200000000002,True,52.16,50.967,True,135.19,134.1474,True,89.13,84.5082,True,221.43,212.71939999999998,True,80.81,81.4504,False,150.2,142.786,True,82.45,81.0468,True,41.57,41.5984,False,91.52,87.2876,True,106.01,102.58139999999999,True
2025-07-14 04:00:00,624.81,584.3806,True,255.64,237.93540000000002,True,52.55,51.0428,True,135.03,134.0386,True,88.15,84.6612,True,222.25,213.21920000000003,True,80.88,81.4314,False,151.01,143.1818,True,82.78,81.12440000000001,True,41.85,41.609399999999994,True,91.01,87.43,True,107.05,102.81360000000001,True
2025-07-15 04:00:00,622.14,584.6348,True,257.91,238.83259999999999,True,51.65,51.1008,True,132.6,133.95780000000002,False,86.88,84.7828,True,219.07,213.6336,True,80.07,81.4104,False,149.88,143.53519999999997,True,81.99,81.1816,True,41.31,41.607200000000006,False,89.14,87.54240000000001,True,105.99,103.0148,True
2025-07-16 04:00:00,624.22,584.9057,True,258.71,239.67460000000003,True,52.01,51.1458,True,134.25,133.87220000000002,True,86.13,84.8658,True,219.47,213.99439999999998,True,80.35,81.3862,False,150.41,143.8518,True,82.03,81.2272,True,41.76,41.6038,True,89.38,87.6314,True,106.31,103.1926,True
2025-07-17 04:00:00,628.04,585.1844,True,261.06,240.5866,True,52.51,51.2072,True,132.72,133.7638,False,86.66,84.98899999999999,True,220.22,214.41299999999998,True,81.11,81.37859999999999,False,151.8,144.1948,True,82.37,81.2836,True,41.72,41.60060000000001,True,90.01,87.7456,True,106.68,103.3732,True
2025-07-18 04:00:00,627.58,585.46495,True,260.89,241.53099999999998,True,52.54,51.274800000000006,True,131.84,133.714,False,85.96,85.09779999999999,True,222.17,214.90540000000001,True,80.89,81.3694,False,151.46,144.5546,True,83.75,81.34819999999999,True,41.84,41.6056,True,90.22,87.87620000000001,True,106.19,103.54440000000001,True
2025-07-21 04:00:00,628.77,585.74,True,261.23,242.43939999999998,True,52.39,51.3336,True,131.09,133.6286,False,85.07,85.18820000000001,False,223.22,215.388,True,80.88,81.3574,False,150.66,144.8848,True,84.02,81.4136,True,42.0,41.614399999999996,True,90.68,88.0252,True,107.61,103.7476,True
2025-07-22 04:00:00,628.86,586.0412,True,258.81,243.2582,True,52.68,51.39,True,133.53,133.6164,False,85.47,85.26539999999999,True,225.48,215.86879999999996,True,81.62,81.36219999999999,True,151.02,145.1852,True,85.05,81.5126,True,42.73,41.6418,True,91.93,88.17699999999999,True,107.86,103.95119999999999,True
2025-07-23 04:00:00,634.21,586.36795,True,260.29,244.112,True,53.1,51.454800000000006,True,136.27,133.6882,True,86.81,85.35300000000001,True,226.55,216.3516,True,81.65,81.377,True,153.73,145.5376,True,84.41,81.596,True,42.85,41.666599999999995,True,92.24,88.33059999999999,True,108.45,104.1766,True
2025-07-24 04:00:00,634.42,586.7009499999999,True,261.39,244.78580000000002,True,53.07,51.4988,True,135.76,133.6842,True,87.43,85.41,True,222.8,216.5582,True,81.36,81.3836,False,153.47,145.80100000000002,True,84.3,81.68679999999999,True,42.79,41.6894,True,91.29,88.426,True,108.63,104.3652,True
2025-07-25 04:00:00,637.1,587.0215499999999,True,261.99,245.3732,True,53.44,51.54599999999999,True,136.48,133.7764,True,87.1,85.4366,True,224.87,216.75,True,81.5,81.4148,True,154.99,146.0752,True,84.52,81.7842,True,42.79,41.7234,True,92.37,88.5516,True,107.62,104.5142,True
2025-07-28 04:00:00,636.94,587.36725,True,264.08,245.97220000000002,True,53.07,51.58860000000001,True,135.29,133.9068,True,88.09,85.49340000000001,True,226.18,216.95140000000004,True,80.66,81.4378,False,154.51,146.3534,True,83.62,81.87060000000001,True,42.05,41.7496,True,91.03,88.6662,True,107.04,104.64120000000001,True
2025-07-29 04:00:00,635.26,587.6777,True,264.09,246.565,True,52.8,51.619,True,134.43,133.9862,True,88.95,85.56020000000001,True,224.62,217.13119999999998,True,81.19,81.4388,False,152.75,146.5652,True,84.58,81.94239999999999,True,42.75,41.774800000000006,True,90.68,88.75640000000001,True,106.12,104.7418,True
2025-07-30 04:00:00,634.46,587.9643,True,264.68,247.1608,True,52.7,51.6412,True,134.19,134.0082,True,87.68,85.6042,True,223.2,217.2418,True,80.47,81.40679999999999,False,152.0,146.7296,True,85.21,82.00299999999999,True,42.15,41.7776,True,88.85,88.7924,True,106.45,104.8352,True
2025-07-31 04:00:00,632.08,588.24405,True,262.74,247.72460000000004,True,52.37,51.6562,True,130.43,133.92940000000002,False,87.21,85.661,True,221.43,217.3272,True,79.78,81.3562,False,152.01,146.8844,True,85.67,82.0658,True,41.41,41.7638,False,87.73,88.8016,False,107.41,104.9458,True
2025-08-01 04:00:00,621.72,588.4547500000001,True,257.07,248.19260000000003,True,51.4,51.657399999999996,False,131.13,133.858,False,85.59,85.70100000000001,False,216.09,217.3284,False,80.16,81.3074,False,149.74,147.0042,True,85.8,82.12639999999999,True,41.29,41.751999999999995,False,86.72,88.79359999999998,False,106.12,105.03559999999999,True
2025-08-04 04:00:00,631.17,588.689,True,262.29,248.8528,True,51.91,51.6898,True,133.01,133.88660000000002,False,85.4,85.76799999999999,False,218.63,217.468,True,80.55,81.2856,False,151.12,147.2002,True,87.32,82.2476,True,41.64,41.769400000000005,False,87.87,88.8318,False,108.16,105.1814,True
2025-08-05 04:00:00,627.97,588.9299500000001,True,260.12,249.4684,True,51.7,51.719199999999994,False,132.5,133.9256,False,85.51,85.84360000000001,False,218.91,217.595,True,80.47,81.26899999999999,False,150.81,147.3906,True,86.39,82.3734,True,41.78,41.7924,False,88.49,88.8842,False,107.32,105.31480000000002,True
2025-08-06 04:00:00,632.78,589.18235,True,263.05,250.1932,True,51.95,51.757200000000005,True,130.51,133.929,False,84.72,85.89820000000002,False,223.46,217.85119999999998,True,81.62,81.26939999999999,True,150.93,147.5926,True,85.62,82.4646,True,41.43,41.80820000000001,False,87.53,88.9208,False,107.73,105.4656,True
2025-08-07 04:00:00,632.25,589.43185,True,263.29,250.815,True,51.37,51.76599999999999,False,129.01,133.866,False,84.39,85.93199999999999,False,223.39,217.9816,True,82.24,81.2674,True,150.71,147.7406,True,86.55,82.56219999999999,True,41.59,41.8138,False,87.91,88.935,False,107.27,105.5746,True
2025-08-08 04:00:00,637.18,589.6948,True,265.92,251.5086,True,51.85,51.791199999999996,True,130.16,133.8396,False,84.93,85.9976,False,223.78,218.15959999999998,True,82.48,81.2814,True,150.83,147.9052,True,86.18,82.6752,True,41.25,41.8126,False,88.35,88.9818,False,107.63,105.69120000000001,True
2025-08-11 04:00:00,635.92,589.95625,True,264.12,252.1584,True,51.83,51.8108,True,130.29,133.7982,False,84.25,86.03739999999999,False,224.36,218.3474,True,82.41,81.28739999999999,True,150.34,148.05740000000003,True,85.91,82.77159999999999,True,41.01,41.79900000000001,False,88.15,89.0182,False,108.18,105.83519999999999,True
2025-08-12 04:00:00,642.69,590.2531,True,268.21,252.9044,True,52.46,51.8408,True,131.19,133.7692,False,84.66,86.1,False,226.74,218.6062,True,82.63,81.2834,True,151.9,148.239,True,86.28,82.85880000000002,True,41.08,41.786,False,89.3,89.0774,True,110.25,106.01219999999999,True
2025-08-13 04:00:00,644.89,590.5876,True,268.31,253.6116,True,52.76,51.876400000000004,True,133.29,133.78060000000002,False,85.64,86.1608,False,229.85,218.9172,True,82.63,81.2784,True,152.48,148.4358,True,86.47,82.9446,True,41.35,41.7772,False,90.98,89.16,True,111.11,106.19640000000001,True
2025-08-14 04:00:00,644.95,590.91615,True,267.73,254.23719999999997,True,53.01,51.915,True,133.96,133.7992,True,85.56,86.20039999999999,False,229.59,219.2002,True,81.89,81.2602,True,151.13,148.5836,True,85.87,83.014,True,41.06,41.765600000000006,False,90.03,89.2058,True,111.2,106.3882,True
2025-08-15 04:00:00,643.44,591.2381499999999,True,265.7,254.8152,True,52.46,51.94839999999999,True,136.21,133.8576,True,85.56,86.2726,False,229.04,219.48359999999997,True,82.02,81.25619999999999,True,150.44,148.716,True,85.62,83.1072,True,41.33,41.756800000000005,False,90.03,89.245,True,111.48,106.57260000000001,True
2025-08-18 04:00:00,643.3,591.5505,True,266.27,255.41800000000003,True,52.5,51.9854,True,135.89,133.9132,True,85.05,86.3362,False,229.96,219.8938,True,81.91,81.2658,True,151.03,148.8622,True,85.25,83.1956,True,40.94,41.7404,False,89.51,89.2842,True,110.8,106.7406,True
2025-08-19 04:00:00,639.81,591.8407,True,261.62,255.8832,True,52.6,52.0118,True,136.76,133.9608,True,85.08,86.3696,False,229.85,220.24740000000003,True,82.75,81.28699999999999,True,151.36,148.9908,True,86.08,83.2934,True,41.67,41.7362,False,90.05,89.32960000000001,True,110.18,106.87,True
2025-08-20 04:00:00,638.11,592.1311999999999,True,259.85,256.2896,True,52.87,52.0492,True,137.5,134.0278,True,85.79,86.414,False,227.58,220.5216,True,83.22,81.3198,True,151.22,149.1192,True,86.17,83.4034,True,41.83,41.735600000000005,True,90.12,89.36460000000001,True,109.85,106.99879999999999,True
2025-08-21 04:00:00,635.55,592.46575,True,258.91,256.6504,True,52.7,52.082,True,137.04,134.055,True,86.38,86.44040000000001,False,226.23,220.71759999999998,True,82.47,81.334,True,150.68,149.2494,True,85.58,83.49780000000001,True,41.68,41.7246,False,90.39,89.39399999999999,True,109.73,107.09899999999999,True
2025-08-22 04:00:00,645.31,592.8371,True,262.42,257.092,True,53.57,52.1334,True,138.17,134.1034,True,88.14,86.4774,True,233.1,221.08520000000001,True,82.47,81.3538,True,153.14,149.4274,True,86.04,83.60040000000001,True,42.34,41.7314,True,92.18,89.4768,True,111.31,107.23560000000002,True
2025-08-25 04:00:00,642.47,593.2004000000001,True,261.83,257.47720000000004,True,53.26,52.178599999999996,True,136.2,134.0912,True,88.37,86.51299999999999,True,232.63,221.4636,True,81.06,81.3358,False,151.61,149.5824,True,85.07,83.664,True,42.13,41.729400000000005,True,91.67,89.542,True,111.49,107.39280000000001,True
2025-08-26 04:00:00,645.16,593.5427000000001,True,263.03,257.9544,True,53.67,52.2528,True,137.05,134.1096,True,88.23,86.51559999999999,True,233.7,221.90279999999998,True,80.53,81.32719999999999,False,153.17,149.7928,True,85.26,83.7408,True,42.01,41.7318,True,91.92,89.6328,True,111.0,107.56120000000001,True
2025-08-27 04:00:00,646.63,593.82065,True,264.45,258.38259999999997,True,53.78,52.3178,True,136.97,134.13479999999998,True,89.22,86.54320000000001,True,233.75,222.2974,True,80.77,81.31819999999999,False,153.15,149.9832,True,85.28,83.82600000000001,True,42.19,41.736999999999995,True,92.15,89.71340000000001,True,111.19,107.6982,True
2025-08-28 04:00:00,648.92,594.0872,True,266.54,258.887,True,53.85,52.39,True,136.43,134.194,True,89.9,86.568,True,234.15,222.77380000000002,True,80.26,81.3128,False,153.42,150.2006,True,84.63,83.91159999999999,True,42.08,41.7434,True,92.15,89.81120000000001,True,111.61,107.86200000000001,True
2025-08-29 04:00:00,645.05,594.3214999999999,True,262.45,259.30379999999997,True,53.99,52.4654,True,137.43,134.27779999999998,True,90.39,86.6142,True,231.74,223.2,True,80.78,81.3198,False,152.01,150.3966,True,84.32,83.9868,True,42.31,41.7528,True,92.28,89.9166,True,111.39,108.0204,True
2025-09-02 04:00:00,640.27,594.52905,True,259.8,259.689,True,53.59,52.53,True,137.56,134.377,True,90.52,86.645,True,230.01,223.5866,True,80.65,81.3124,False,150.56,150.5604,False,84.04,84.05199999999999,False,41.59,41.748000000000005,False,91.59,90.02,True,111.2,108.1876,True
2025-09-03 04:00:00,643.74,594.7632500000001,True,261.35,260.0584,True,53.5,52.5836,True,136.91,134.472,True,88.49,86.6942,True,230.94,223.91740000000001,True,80.59,81.2962,False,149.8,150.6792,False,83.83,84.10379999999999,False,41.48,41.7364,False,90.97,90.10060000000001,True,113.06,108.37100000000001,True
2025-09-04 04:00:00,649.12,595.0229,True,262.64,260.3664,True,54.06,52.633199999999995,True,137.43,134.545,True,89.08,86.77759999999998,True,235.16,224.30880000000002,True,80.64,81.2824,False,151.49,150.8078,True,83.73,84.14659999999999,False,41.76,41.72639999999999,True,91.32,90.17380000000001,True,114.08,108.54799999999999,True
2025-09-05 04:00:00,647.24,595.29235,True,262.86,260.6366,True,53.07,52.6664,True,137.9,134.625,True,87.36,86.834,True,235.11,224.75,True,80.87,81.29499999999999,False,150.93,150.9508,False,83.47,84.206,False,42.18,41.7454,True,91.96,90.2766,True,114.69,108.73759999999999,True
2025-09-08 04:00:00,648.83,595.60775,True,264.83,260.9118,True,53.11,52.692800000000005,True,137.85,134.6976,True,87.16,86.86219999999999,True,236.02,225.1702,True,80.57,81.303,False,151.27,151.0694,True,82.62,84.235,False,41.9,41.764,True,92.04,90.3618,True,114.82,108.90540000000001,True
2025-09-09 04:00:00,650.33,595.91865,True,265.34,261.20320000000004,True,53.34,52.7208,True,138.59,134.7908,True,87.58,86.90780000000001,True,235.69,225.5122,True,80.73,81.3066,False,150.25,151.1386,False,83.19,84.2722,False,41.88,41.7792,True,90.54,90.4148,True,115.47,109.06119999999999,True
2025-09-10 04:00:00,652.21,596.2282,True,270.15,261.5416,True,53.16,52.73660000000001,True,137.33,134.8416,True,89.11,86.9938,True,232.87,225.82300000000004,True,79.94,81.286,False,151.36,151.21540000000002,True,84.62,84.33139999999999,True,41.86,41.788000000000004,True,90.71,90.4728,True,114.62,109.183,True
2025-09-11 04:00:00,657.63,596.56385,True,271.06,261.9434,True,54.03,52.763999999999996,True,139.72,134.9018,True,89.13,87.0672,True,237.4,226.2058,True,80.59,81.2582,False,152.8,151.3112,True,85.07,84.39400000000002,True,42.54,41.80480000000001,True,92.61,90.5234,True,116.38,109.35539999999999,True
2025-09-12 04:00:00,657.41,596.8825499999999,True,270.88,262.2886,True,53.8,52.787600000000005,True,138.11,134.95680000000002,True,88.6,87.1006,True,238.63,226.5782,True,80.32,81.22019999999999,False,151.58,151.3796,True,85.5,84.4794,True,42.35,41.8162,True,91.68,90.5284,True,117.35,109.5534,True
2025-09-15 04:00:00,660.91,597.20955,True,273.32,262.61580000000004,True,53.68,52.797399999999996,True,136.93,134.9854,True,88.3,87.126,True,240.7,226.968,True,79.4,81.16460000000001,False,152.28,151.4368,True,85.7,84.5566,True,42.3,41.8262,True,90.94,90.51979999999999,True,119.0,109.7726,True
2025-09-16 04:00:00,660.0,597.5219,True,272.37,262.96479999999997,True,53.56,52.815,True,136.93,135.0368,True,89.78,87.1978,True,242.18,227.4436,True,79.76,81.1176,False,151.83,151.4954,True,84.14,84.5992,False,42.05,41.8376,True,90.66,90.52320000000002,True,118.52,110.00300000000001,True
2025-09-17 04:00:00,659.18,597.81455,True,271.43,263.26759999999996,True,54.08,52.852399999999996,True,137.2,135.0814,True,89.99,87.2274,True,241.57,227.9218,True,80.24,81.0954,False,151.14,151.541,False,84.35,84.6634,False,42.03,41.8498,True,90.87,90.516,True,118.83,110.24400000000001,True
2025-09-18 04:00:00,662.26,598.1317,True,276.12,263.6334,True,54.13,52.887,True,137.47,135.121,True,89.71,87.26039999999999,True,240.48,228.3524,True,79.54,81.0698,False,152.75,151.598,True,84.41,84.7136,False,42.06,41.863,True,90.87,90.49780000000001,True,118.92,110.4812,True
2025-09-19 04:00:00,663.7,598.4374499999999,True,278.92,264.0722,True,54.25,52.9178,True,137.29,135.1404,True,88.52,87.2562,True,241.39,228.75279999999998,True,79.38,81.0352,False,153.12,151.6456,True,84.95,84.76119999999999,True,41.85,41.867799999999995,False,90.83,90.469,True,119.41,110.73540000000001,True
2025-09-22 04:00:00,666.84,598.7535,True,282.66,264.6084,True,54.0,52.9546,True,136.63,135.1692,True,87.67,87.227,True,240.18,229.12779999999998,True,77.96,80.9782,False,153.0,151.70159999999998,True,85.2,84.81620000000001,True,41.67,41.869800000000005,False,90.37,90.446,False,118.58,110.9868,True
2025-09-23 04:00:00,663.21,599.05,True,280.22,265.1,True,53.76,52.9788,True,136.94,135.2074,True,89.18,87.2476,True,237.92,229.44119999999998,True,78.35,80.9276,False,153.04,151.7422,True,85.64,84.8734,True,42.0,41.872800000000005,True,90.08,90.42739999999999,False,118.41,111.214,True
2025-09-24 04:00:00,661.1,599.3172,True,278.49,265.5116,True,53.61,53.017999999999994,True,136.39,135.2832,True,90.34,87.3168,True,239.6,229.8518,True,78.52,80.89659999999999,False,152.25,151.7896,True,86.25,84.95859999999999,True,41.57,41.87799999999999,False,88.98,90.4242,False,117.43,111.4428,True
2025-09-25 04:00:00,658.05,599.5741499999999,True,278.0,265.8974,True,53.47,53.047200000000004,True,134.13,135.2808,False,91.15,87.41720000000001,True,236.22,230.1868,True,77.77,80.845,False,151.22,151.8058,False,85.42,85.0264,True,41.47,41.8722,False,87.82,90.39300000000001,False,117.03,111.65719999999999,True
2025-09-26 04:00:00,661.82,599.8442,True,278.84,266.253,True,53.86,53.0742,True,135.5,135.33640000000003,True,91.99,87.52380000000001,True,239.71,230.57659999999998,True,77.96,80.782,False,152.58,151.8214,True,86.81,85.1152,True,41.88,41.8754,True,88.84,90.3696,False,118.17,111.887,True
2025-09-29 04:00:00,663.68,600.1392,True,280.33,266.6418,True,54.13,53.105999999999995,True,135.9,135.4176,True,90.3,87.61060000000002,True,240.76,230.9484,True,78.11,80.7264,False,153.05,151.85320000000002,True,87.06,85.1814,True,41.96,41.8778,True,89.18,90.3488,False,118.55,112.1342,True
2025-09-30 04:00:00,666.18,600.4561,True,281.86,267.05440000000004,True,53.87,53.135600000000004,True,139.17,135.57920000000001,True,89.34,87.69599999999998,True,239.64,231.2768,True,78.37,80.6762,False,154.23,151.9246,True,87.21,85.24520000000001,True,42.13,41.8804,True,89.62,90.32759999999999,False,118.37,112.3494,True
2025-10-01 04:00:00,668.45,600.76105,True,284.62,267.57059999999996,True,53.39,53.149800000000006,True,143.47,135.77800000000002,True,89.34,87.7734,True,241.14,231.59,True,78.25,80.6088,False,153.8,151.9802,True,88.05,85.3052,True,42.13,41.8684,True,88.68,90.2626,False,116.71,112.52640000000001,True
2025-10-02 04:00:00,669.22,601.0855,True,286.16,268.08799999999997,True,53.35,53.154799999999994,True,143.19,135.91639999999998,True,88.44,87.806,True,239.4,231.847,True,77.94,80.5346,False,154.2,151.9896,True,87.89,85.37480000000001,True,41.91,41.8496,True,89.71,90.212,False,116.45,112.68639999999999,True
2025-10-03 04:00:00,669.21,601.4105000000001,True,284.72,268.5546,True,53.72,53.1678,True,144.82,136.09759999999997,True,88.91,87.8356,True,237.86,232.1482,True,78.03,80.46799999999999,False,154.41,152.0084,True,88.91,85.46700000000001,True,42.08,41.8354,True,89.86,90.1834,False,116.39,112.8416,True
2025-10-06 04:00:00,671.61,601.7346000000001,True,287.6,269.0668,True,53.7,53.173,True,144.12,136.2504,True,89.35,87.8806,True,239.9,232.44879999999998,True,77.46,80.38719999999999,False,155.13,152.0112,True,89.77,85.57199999999999,True,41.66,41.812799999999996,False,89.78,90.13159999999999,False,116.51,113.01939999999999,True
2025-10-07 04:00:00,669.12,602.05875,True,285.68,269.49879999999996,True,53.77,53.187,True,144.23,136.4292,True,89.49,87.9086,True,235.7,232.6392,True,78.18,80.33760000000001,False,154.25,152.006,True,90.18,85.7032,True,41.53,41.8024,False,89.42,90.0994,False,116.06,113.1998,True
2025-10-08 04:00:00,673.11,602.4929,True,290.69,270.0308,True,53.51,53.2012,True,144.51,136.6308,True,88.97,87.90899999999999,True,236.4,232.8748,True,77.79,80.2696,False,155.59,152.0628,True,90.8,85.8276,True,41.32,41.7738,False,89.9,90.0838,False,115.58,113.389,True
2025-10-09 04:00:00,671.16,602.9182,True,290.2,270.5412,True,53.32,53.2136,True,144.19,136.8308,True,87.76,87.91059999999999,False,235.22,233.11520000000002,True,78.04,80.221,False,153.29,152.0886,True,90.57,85.9348,True,41.13,41.7534,False,88.67,90.0802,False,114.92,113.5584,True
2025-10-10 04:00:00,653.02,603.22755,True,278.39,270.8542,True,52.16,53.209399999999995,False,142.11,137.0644,True,85.22,87.8708,False,228.75,233.2616,False,78.1,80.1874,False,149.9,152.0464,False,90.2,86.02539999999999,True,40.68,41.7388,False,86.85,90.0626,False,112.8,113.6662,False
2025-10-13 04:00:00,663.04,603.5693,True,285.17,271.4162,True,52.66,53.2346,False,141.95,137.2808,True,86.38,87.8866,False,233.86,233.61700000000002,True,77.84,80.141,False,151.46,152.0808,False,90.89,86.12719999999999,True,40.91,41.7312,False,88.23,90.09280000000001,False,113.84,113.82060000000001,True
2025-10-14 04:00:00,662.23,603.8739499999999,True,281.51,271.80060000000003,True,53.24,53.2612,False,142.34,137.4674,True,86.37,87.906,False,234.35,233.9314,True,79.09,80.11179999999999,False,153.24,152.12320000000003,True,91.7,86.2148,True,41.3,41.7244,False,89.11,90.11759999999998,False,114.59,113.9492,True
2025-10-15 04:00:00,665.17,604.1931,True,284.3,272.2842,True,53.24,53.29200000000001,False,142.56,137.6686,True,86.32,87.92219999999999,False,234.69,234.247,True,79.23,80.087,False,152.6,152.159,True,92.9,86.345,True,41.9,41.726800000000004,True,88.71,90.12199999999999,False,115.4,114.1108,True
2025-10-16 04:00:00,660.64,604.52125,True,284.51,272.7134,True,51.76,53.288199999999996,False,142.32,137.9048,True,85.28,87.93339999999998,False,232.42,234.42620000000002,False,78.68,80.02820000000001,False,151.6,152.1724,False,91.89,86.47039999999998,True,41.77,41.733599999999996,True,88.05,90.1324,False,114.17,114.23960000000001,False
2025-10-17 04:00:00,664.39,604.9021,True,285.01,273.14779999999996,True,52.18,53.30440000000001,False,143.27,138.19,True,85.98,87.96520000000001,False,234.42,234.6468,False,79.73,79.97800000000001,False,151.73,152.19279999999998,False,91.57,86.57080000000002,True,42.04,41.7426,True,87.88,90.1318,False,114.94,114.39299999999999,True
2025-10-20 04:00:00,671.3,605.3282,True,288.19,273.5932,True,52.79,53.32320000000001,False,144.79,138.4826,True,86.89,88.0044,False,236.28,234.8968,True,79.66,79.9216,False,153.52,152.2466,True,91.54,86.67800000000001,True,42.48,41.7672,True,88.93,90.1434,False,116.24,114.56519999999999,True
2025-10-21 04:00:00,671.29,605.7614500000001,True,288.34,274.0776,True,52.73,53.34120000000001,False,145.13,138.7794,True,86.69,88.0532,False,239.17,235.19299999999998,True,79.29,79.8592,False,154.88,152.3374,True,90.61,86.772,True,42.35,41.794000000000004,True,88.59,90.15220000000001,False,116.65,114.73460000000001,True
2025-10-22 04:00:00,667.8,606.1407,True,285.49,274.4232,True,52.43,53.3406,False,145.96,139.07479999999998,True,87.8,88.116,False,237.3,235.40420000000003,True,79.74,79.8014,False,152.87,152.3568,True,90.4,86.85439999999998,True,42.54,41.82320000000001,True,88.32,90.1326,False,115.64,114.8424,True
2025-10-23 04:00:00,671.76,606.5227,True,289.09,274.8388,True,52.54,53.3362,False,146.04,139.3298,True,88.97,88.18260000000001,True,238.37,235.5746,True,79.35,79.7358,False,154.78,152.4028,True,90.33,86.9316,True,42.5,41.846199999999996,True,89.38,90.10060000000001,False,115.25,114.92519999999999,True
2025-10-24 04:00:00,677.25,606.9658000000001,True,293.58,275.35580000000004,True,53.11,53.33820000000001,False,146.03,139.57119999999998,True,88.07,88.23280000000001,False,237.66,235.736,True,79.09,79.6798,False,154.91,152.4784,True,91.39,87.042,True,42.65,41.87799999999999,True,89.01,90.0802,False,115.55,115.01219999999999,True
2025-10-27 04:00:00,685.24,607.4445499999999,True,299.0,276.0218,True,53.33,53.3556,False,146.37,139.77439999999999,True,88.28,88.2872,False,241.08,235.9768,True,79.22,79.6238,False,155.79,152.5854,True,91.64,87.16239999999999,True,42.74,41.9062,True,88.97,90.059,False,117.16,115.1258,True
2025-10-28 04:00:00,687.06,607.9774,True,301.96,276.7356,True,52.99,53.3654,False,145.45,139.96560000000002,True,87.36,88.3334,False,241.14,236.2004,True,78.43,79.5542,False,154.68,152.6584,True,90.13,87.26,True,41.79,41.923199999999994,False,89.09,90.05059999999999,False,116.58,115.2414,True
2025-10-29 04:00:00,687.39,608.5074000000001,True,304.13,277.5858,True,52.09,53.3552,False,143.98,140.11,True,88.01,88.392,False,239.15,236.38639999999998,True,76.58,79.4308,False,155.08,152.7328,True,90.1,87.34039999999999,True,40.65,41.9028,False,87.34,89.9964,False,116.29,115.3636,True
2025-10-30 04:00:00,679.83,608.9956,True,300.39,278.3966,True,52.23,53.3424,False,144.3,140.246,True,87.49,88.426,False,233.75,236.50979999999998,False,76.5,79.29639999999999,False,154.69,152.8022,True,89.72,87.4114,True,40.88,41.8838,False,86.17,89.9174,False,114.32,115.45300000000002,False
2025-10-31 04:00:00,682.06,609.442,True,300.68,279.232,True,52.37,53.3358,False,144.25,140.3902,True,88.13,88.46099999999998,False,239.93,236.7838,True,76.28,79.1726,False,155.06,152.8898,True,89.1,87.48179999999998,True,40.9,41.868199999999995,False,85.67,89.82300000000001,False,114.81,115.5546,False
2025-11-03 05:00:00,683.34,609.9005000000001,True,301.91,280.0218,True,52.15,53.3074,False,144.45,140.5158,True,88.14,88.461,False,242.18,236.96540000000002,True,75.68,79.0368,False,154.4,152.91500000000002,True,89.15,87.544,True,40.83,41.838,False,85.14,89.6822,False,113.59,115.6002,False
2025-11-04 05:00:00,675.24,610.2887999999999,True,293.94,280.664,True,52.42,53.290600000000005,False,145.1,140.6938,True,87.19,88.4374,False,238.16,237.07600000000002,True,75.99,78.9354,False,152.61,152.935,False,88.83,87.6192,True,40.94,41.81419999999999,False,84.72,89.5432,False,112.81,115.6266,False
2025-11-05 05:00:00,677.58,610.66145,True,295.09,281.3052,True,52.6,53.2692,False,145.66,140.866,True,87.42,88.42119999999998,False,241.06,237.2232,True,75.94,78.84360000000001,False,153.2,152.9356,True,88.85,87.691,True,40.93,41.7926,False,85.22,89.4092,False,113.42,115.675,False
2025-11-06 05:00:00,670.31,610.9807999999999,True,289.16,281.79940000000005,True,52.41,53.24179999999999,False,145.94,141.0454,True,88.27,88.4022,False,235.49,237.25799999999998,False,75.6,78.7402,False,152.59,152.9244,False,88.46,87.7546,True,40.73,41.763400000000004,False,84.8,89.2622,False,112.4,115.6992,False
2025-11-07 05:00:00,670.97,611.2869,True,288.16,282.2318,True,52.78,53.2204,False,146.14,141.2396,True,89.54,88.395,True,235.86,237.2922,False,76.71,78.6692,False,153.33,152.9226,True,89.69,87.8558,True,41.27,41.7472,False,85.82,89.1356,False,112.11,115.70919999999998,False
2025-11-10 05:00:00,681.44,611.6542499999999,True,295.53,282.8934,True,52.97,53.2,False,147.28,141.4366,True,90.35,88.3942,True,238.96,237.4366,True,76.43,78.5822,False,154.2,152.9664,True,89.66,87.96260000000001,True,41.24,41.7258,False,86.63,89.0226,False,113.28,115.74700000000001,False
2025-11-11 05:00:00,683.0,612.0724,True,293.01,283.5576,True,53.21,53.1924,True,150.68,141.69899999999998,True,91.53,88.4144,True,239.55,237.62740000000002,True,77.43,78.51780000000001,False,154.24,153.04,True,89.71,88.07600000000001,True,41.7,41.728,False,87.53,88.94139999999999,False,114.2,115.807,False
2025-11-12 05:00:00,683.38,612.4667,True,293.92,284.209,True,53.67,53.1958,True,152.82,142.0172,True,90.25,88.4496,True,237.94,237.76739999999998,True,77.32,78.4524,False,154.39,153.1318,True,89.92,88.1978,True,41.37,41.7258,False,88.15,88.885,False,113.54,115.8166,False
2025-11-13 05:00:00,672.04,612.8178499999999,True,286.59,284.688,True,52.98,53.1742,False,152.74,142.3234,True,90.48,88.4776,True,232.0,237.7042,False,77.32,78.38600000000001,False,152.0,153.142,False,88.68,88.2968,True,40.83,41.7072,False,87.57,88.81,False,111.93,115.7736,False
2025-11-14 05:00:00,671.93,613.1523000000001,True,288.15,285.19379999999995,True,52.45,53.1618,False,151.83,142.60199999999998,True,92.02,88.5708,True,230.89,237.6198,False,77.26,78.3138,False,152.01,153.1636,False,88.76,88.40259999999998,True,40.95,41.6826,False,86.77,88.7062,False,111.33,115.70640000000002,False
2025-11-17 05:00:00,665.67,613.47155,True,283.64,285.57,False,51.45,53.1286,False,151.7,142.87900000000002,True,90.34,88.6344,True,228.72,237.4738,False,76.77,78.2378,False,150.52,153.1486,False,89.56,88.5414,True,40.68,41.658199999999994,False,85.45,88.57440000000001,False,111.18,115.63359999999999,False
2025-11-18 05:00:00,660.08,613.7831,True,279.03,285.8438,False,51.37,53.0892,False,152.59,143.159,True,91.06,88.704,True,224.5,237.25,False,77.1,78.1652,False,149.85,153.1406,False,89.22,88.662,True,40.83,41.63719999999999,False,85.52,88.47399999999999,False,111.81,115.56040000000002,False
2025-11-19 05:00:00,662.63,614.08735,True,280.97,286.0602,False,51.56,53.057199999999995,False,152.33,143.459,True,89.88,88.71940000000001,True,224.51,237.0828,False,76.51,78.0966,False,150.35,153.12040000000002,False,88.47,88.73899999999999,False,40.51,41.610200000000006,False,85.74,88.37459999999999,False,111.19,115.49179999999998,False
